Workbook

Sheet Raw Data Unadj
E1: *all are unadj
B2: Ticker | C2: Date | D2: Open | E2: Close | F2: Event | H2: Ticker | I2: Date | J2: Open | K2: Close | L2: Event | N2: Ticker | O2: Date | P2: Open | Q2: Close | R2: Event | T2: Ticker | U2: Date | V2: Open | W2: Close | X2: Event | Z2: Ticker | AA2: Date | AB2: Open | AC2: Close | AD2: Event | AF2: Ticker | AG2: Date | AH2: Open | AI2: Close | AJ2: Event | AL2: Ticker | AM2: Date | AN2: Open | AO2: Close | AP2: Event | AR2: Ticker | AS2: Date | AT2: Open | AU2: Close | AV2: Event | AX2: Ticker | AY2: Date | AZ2: Open | BA2: Close | BB2: Event | BD2: Ticker | BE2: Date | BF2: Open | BG2: Close | BH2: Event
B3: MU | C3: 44200 | D3: 76.48 | E3: 74.05 | H3: NVDA | I3: 44200 | J3: 13.1 | K3: 13.11 | N3: F | O3: 44200 | P3: 8.81 | Q3: 8.52 | T3: CAT | U3: 44200 | V3: 183 | W3: 182.15 | Z3: XOM | AA3: 44200 | AB3: 41.45 | AC3: 41.5 | AF3: JPM | AG3: 44200 | AH3: 127.5 | AI3: 125.87 | AL3: AAPL | AM3: 44200 | AN3: 133.52 | AO3: 129.41 | AR3: MSFT | AS3: 44200 | AT3: 222.53 | AU3: 217.69 | AX3: WMT | AY3: 44200 | AZ3: 48.1 | BA3: 48.84 | BD3: KO | BE3: 44200 | BF3: 54.27 | BG3: 52.76
C4: 44201 | D4: 76.44 | E4: 77.26 | I4: 44201 | J4: 13.1 | K4: 13.4 | O4: 44201 | P4: 8.47 | Q4: 8.65 | U4: 44201 | V4: 181.21 | W4: 183.64 | AA4: 44201 | AB4: 41.84 | AC4: 43.5 | AG4: 44201 | AH4: 124.99 | AI4: 125.65 | AJ4: 0.9 Dividend | AM4: 44201 | AN4: 128.89 | AO4: 131.01 | AS4: 44201 | AT4: 217.26 | AU4: 217.9 | AY4: 44201 | AZ4: 48.87 | BA4: 48.58 | BE4: 44201 | BF4: 52.33 | BG4: 52.18
C5: 44202 | D5: 76.36 | E5: 77.11 | I5: 44202 | J5: 13.22 | K5: 12.61 | O5: 44202 | P5: 8.79 | Q5: 8.84 | U5: 44202 | V5: 187.15 | W5: 193.86 | AA5: 44202 | AB5: 44.41 | AC5: 44.61 | AG5: 44202 | AH5: 129.88 | AI5: 131.55 | AM5: 44202 | AN5: 127.72 | AO5: 126.6 | AS5: 44202 | AT5: 212.17 | AU5: 212.25 | AY5: 44202 | AZ5: 48.36 | BA5: 48.89 | BE5: 44202 | BF5: 51.97 | BG5: 50.52
C6: 44203 | D6: 78.06 | E6: 79.11 | I6: 44203 | J6: 12.97 | K6: 13.34 | O6: 44203 | P6: 8.94 | Q6: 9.06 | U6: 44203 | V6: 196.85 | W6: 194.23 | AA6: 44203 | AB6: 45 | AC6: 44.96 | AG6: 44203 | AH6: 135.69 | AI6: 135.87 | AM6: 44203 | AN6: 128.36 | AO6: 130.92 | AS6: 44203 | AT6: 214.04 | AU6: 218.29 | AY6: 44203 | AZ6: 49.21 | BA6: 48.88 | BE6: 44203 | BF6: 50.09 | BG6: 49.96
C7: 44204 | D7: 82.54 | E7: 77.42 | I7: 44204 | J7: 13.36 | K7: 13.28 | O7: 44204 | P7: 9.1 | Q7: 9 | U7: 44204 | V7: 193.85 | W7: 194.26 | AA7: 44204 | AB7: 45.2 | AC7: 45.46 | AG7: 44204 | AH7: 135.97 | AI7: 136.02 | AM7: 44204 | AN7: 132.43 | AO7: 132.05 | AS7: 44204 | AT7: 218.68 | AU7: 219.62 | AY7: 44204 | AZ7: 48.96 | BA7: 48.88 | BE7: 44204 | BF7: 50.03 | BG7: 51.08
C8: 44207 | D8: 76.59 | E8: 78.67 | I8: 44207 | J8: 13.42 | K8: 13.62 | O8: 44207 | P8: 8.87 | Q8: 9.3 | U8: 44207 | V8: 191.56 | W8: 193.86 | AA8: 44207 | AB8: 45.04 | AC8: 46.84 | AG8: 44207 | AH8: 134.58 | AI8: 138.05 | AM8: 44207 | AN8: 129.19 | AO8: 128.98 | AS8: 44207 | AT8: 218.47 | AU8: 217.49 | AY8: 44207 | AZ8: 48.67 | BA8: 49.1 | BE8: 44207 | BF8: 50.62 | BG8: 50.2
C9: 44208 | D9: 79.19 | E9: 79.46 | I9: 44208 | J9: 13.75 | K9: 13.48 | O9: 44208 | P9: 9.3 | Q9: 9.78 | U9: 44208 | V9: 194.68 | W9: 197.54 | AA9: 44208 | AB9: 47.46 | AC9: 47.88 | AG9: 44208 | AH9: 139.44 | AI9: 140.22 | AM9: 44208 | AN9: 128.5 | AO9: 128.8 | AS9: 44208 | AT9: 216.5 | AU9: 214.93 | AY9: 44208 | AZ9: 49.67 | BA9: 49.66 | BE9: 44208 | BF9: 50.04 | BG9: 50.11
C10: 44209 | D10: 78.95 | E10: 79.91 | I10: 44209 | J10: 13.49 | K10: 13.53 | O10: 44209 | P10: 9.91 | Q10: 9.78 | U10: 44209 | V10: 198.79 | W10: 195.89 | AA10: 44209 | AB10: 48.53 | AC10: 48.42 | AG10: 44209 | AH10: 138.59 | AI10: 140.35 | AM10: 44209 | AN10: 128.76 | AO10: 130.89 | AS10: 44209 | AT10: 214.02 | AU10: 216.34 | AY10: 44209 | AZ10: 49.58 | BA10: 49.15 | BE10: 44209 | BF10: 49.98 | BG10: 50.16
C11: 44210 | D11: 80.01 | E11: 81.3 | I11: 44210 | J11: 13.57 | K11: 13.2 | O11: 44210 | P11: 9.81 | Q11: 10.17 | U11: 44210 | V11: 196.1 | W11: 197.4 | AA11: 44210 | AB11: 48.5 | AC11: 50.31 | AG11: 44210 | AH11: 140.49 | AI11: 141.17 | AM11: 44210 | AN11: 130.8 | AO11: 128.91 | AS11: 44210 | AT11: 215.91 | AU11: 213.02 | AY11: 44210 | AZ11: 49.27 | BA11: 48.99 | BE11: 44210 | BF11: 50.16 | BG11: 49.23
C12: 44211 | D12: 80.92 | E12: 80.72 | I12: 44211 | J12: 13.23 | K12: 12.86 | O12: 44211 | P12: 10.04 | Q12: 9.83 | U12: 44211 | V12: 195.66 | W12: 194.62 | AA12: 44211 | AB12: 48.91 | AC12: 47.89 | AG12: 44211 | AH12: 137.43 | AI12: 138.64 | AM12: 44211 | AN12: 128.78 | AO12: 127.14 | AS12: 44211 | AT12: 213.52 | AU12: 212.65 | AY12: 44211 | AZ12: 48.38 | BA12: 48.21 | BE12: 44211 | BF12: 49.16 | BG12: 48.7
C13: 44215 | D13: 81.28 | E13: 85.5 | I13: 44215 | J13: 13.02 | K13: 13.03 | O13: 44215 | P13: 10.06 | Q13: 10.02 | U13: 44215 | V13: 194.29 | W13: 194.06 | X13: 1.03 Dividend | AA13: 44215 | AB13: 48.45 | AC13: 48.84 | AG13: 44215 | AH13: 139.86 | AI13: 138.04 | AM13: 44215 | AN13: 127.78 | AO13: 127.83 | AS13: 44215 | AT13: 213.75 | AU13: 216.44 | AY13: 44215 | AZ13: 48.21 | BA13: 47.8 | BE13: 44215 | BF13: 48.74 | BG13: 48.51
C14: 44216 | D14: 85.93 | E14: 83.5 | I14: 44216 | J14: 13.11 | K14: 13.37 | O14: 44216 | P14: 10.23 | Q14: 10.86 | U14: 44216 | V14: 192.66 | W14: 192.34 | AA14: 44216 | AB14: 49.11 | AC14: 49.53 | AG14: 44216 | AH14: 137.82 | AI14: 135.97 | AM14: 44216 | AN14: 128.66 | AO14: 132.03 | AS14: 44216 | AT14: 217.7 | AU14: 224.34 | AY14: 44216 | AZ14: 47.86 | BA14: 48.5 | BE14: 44216 | BF14: 48.54 | BG14: 48.68
C15: 44217 | D15: 84 | E15: 85.01 | I15: 44217 | J15: 13.42 | K15: 13.87 | O15: 44217 | P15: 11.28 | Q15: 11.53 | U15: 44217 | V15: 192.35 | W15: 192.19 | AA15: 44217 | AB15: 49.33 | AC15: 48.11 | AG15: 44217 | AH15: 135.69 | AI15: 134.83 | AM15: 44217 | AN15: 133.8 | AO15: 136.87 | AS15: 44217 | AT15: 224.7 | AU15: 224.97 | AY15: 44217 | AZ15: 48.45 | BA15: 48.28 | BE15: 44217 | BF15: 48.78 | BG15: 48.95
C16: 44218 | D16: 84.08 | E16: 82.28 | I16: 44218 | J16: 13.74 | K16: 13.71 | O16: 44218 | P16: 11.66 | Q16: 11.52 | U16: 44218 | V16: 190.85 | W16: 191.94 | AA16: 44218 | AB16: 47.01 | AC16: 47.43 | AG16: 44218 | AH16: 132.69 | AI16: 133.79 | AM16: 44218 | AN16: 136.28 | AO16: 139.07 | AS16: 44218 | AT16: 227.08 | AU16: 225.95 | AY16: 44218 | AZ16: 48.53 | BA16: 48.78 | BE16: 44218 | BF16: 48.81 | BG16: 48.49
C17: 44221 | D17: 83.19 | E17: 81.28 | I17: 44221 | J17: 13.78 | K17: 13.65 | O17: 44221 | P17: 11.49 | Q17: 11.29 | U17: 44221 | V17: 190.56 | W17: 187.34 | AA17: 44221 | AB17: 46.9 | AC17: 46.9 | AG17: 44221 | AH17: 132.14 | AI17: 132.12 | AM17: 44221 | AN17: 143.07 | AO17: 142.92 | AS17: 44221 | AT17: 229.12 | AU17: 229.53 | AY17: 44221 | AZ17: 48.45 | BA17: 48.73 | BE17: 44221 | BF17: 48.42 | BG17: 48.78
C18: 44222 | D18: 81.79 | E18: 79.51 | I18: 44222 | J18: 13.58 | K18: 13.44 | O18: 44222 | P18: 11.31 | Q18: 11.19 | U18: 44222 | V18: 187.6 | W18: 187.21 | AA18: 44222 | AB18: 47.26 | AC18: 45.87 | AG18: 44222 | AH18: 132.75 | AI18: 131.58 | AM18: 44222 | AN18: 143.6 | AO18: 143.16 | AS18: 44222 | AT18: 231.86 | AU18: 232.33 | AY18: 44222 | AZ18: 48.54 | BA18: 49.17 | BE18: 44222 | BF18: 48.91 | BG18: 49.29
C19: 44223 | D19: 77.33 | E19: 75.09 | I19: 44223 | J19: 13.23 | K19: 12.92 | O19: 44223 | P19: 11.02 | Q19: 10.79 | U19: 44223 | V19: 184.2 | W19: 180.63 | AA19: 44223 | AB19: 45 | AC19: 45.35 | AG19: 44223 | AH19: 129.59 | AI19: 127.86 | AM19: 44223 | AN19: 143.43 | AO19: 142.06 | AS19: 44223 | AT19: 238 | AU19: 232.9 | AY19: 44223 | AZ19: 48.99 | BA19: 47.95 | BE19: 44223 | BF19: 48.89 | BG19: 48.53
C20: 44224 | D20: 77.2 | E20: 78.39 | I20: 44224 | J20: 13 | K20: 13.05 | O20: 44224 | P20: 10.84 | Q20: 10.72 | U20: 44224 | V20: 182.26 | W20: 184.34 | AA20: 44224 | AB20: 45.94 | AC20: 46.06 | AG20: 44224 | AH20: 129.9 | AI20: 130.11 | AM20: 44224 | AN20: 139.52 | AO20: 137.09 | AS20: 44224 | AT20: 235.61 | AU20: 238.93 | AY20: 44224 | AZ20: 48.15 | BA20: 47.92 | BE20: 44224 | BF20: 48.69 | BG20: 49.15
C21: 44225 | D21: 78.36 | E21: 78.27 | I21: 44225 | J21: 13.07 | K21: 12.99 | O21: 44225 | P21: 10.59 | Q21: 10.53 | U21: 44225 | V21: 183.5 | W21: 182.84 | AA21: 44225 | AB21: 45.55 | AC21: 44.84 | AG21: 44225 | AH21: 131.19 | AI21: 128.67 | AM21: 44225 | AN21: 135.83 | AO21: 131.96 | AS21: 44225 | AT21: 235.99 | AU21: 231.96 | AY21: 44225 | AZ21: 47.73 | BA21: 46.83 | BE21: 44225 | BF21: 49.03 | BG21: 48.15
C22: 44228 | D22: 79.59 | E22: 80.43 | I22: 44228 | J22: 13.05 | K22: 13.24 | O22: 44228 | P22: 10.65 | Q22: 10.83 | U22: 44228 | V22: 185.96 | W22: 184.72 | AA22: 44228 | AB22: 45.58 | AC22: 44.92 | AG22: 44228 | AH22: 129.4 | AI22: 129.62 | AM22: 44228 | AN22: 133.75 | AO22: 134.14 | AS22: 44228 | AT22: 235.06 | AU22: 239.65 | AY22: 44228 | AZ22: 46.97 | BA22: 46.42 | BE22: 44228 | BF22: 48.27 | BG22: 48.48
C23: 44229 | D23: 81.26 | E23: 81.62 | I23: 44229 | J23: 13.4 | K23: 13.56 | O23: 44229 | P23: 11.14 | Q23: 10.86 | U23: 44229 | V23: 186.5 | W23: 192.5 | AA23: 44229 | AB23: 45.81 | AC23: 45.63 | AG23: 44229 | AH23: 131.94 | AI23: 133.61 | AM23: 44229 | AN23: 135.73 | AO23: 134.99 | AS23: 44229 | AT23: 241.3 | AU23: 239.51 | AY23: 44229 | AZ23: 46.59 | BA23: 46.92 | BE23: 44229 | BF23: 48.8 | BG23: 48.96
C24: 44230 | D24: 81.85 | E24: 79.11 | I24: 44230 | J24: 13.64 | K24: 13.53 | O24: 44230 | P24: 10.92 | Q24: 11.2 | U24: 44230 | V24: 190.91 | W24: 191.45 | AA24: 44230 | AB24: 45.63 | AC24: 47.42 | AG24: 44230 | AH24: 133.65 | AI24: 135.14 | AM24: 44230 | AN24: 135.76 | AO24: 133.94 | AS24: 44230 | AT24: 239.57 | AU24: 243 | AY24: 44230 | AZ24: 46.89 | BA24: 47.07 | BE24: 44230 | BF24: 48.95 | BG24: 48.77
C25: 44231 | D25: 79.15 | E25: 81.25 | I25: 44231 | J25: 13.53 | K25: 13.66 | O25: 44231 | P25: 11.4 | Q25: 11.37 | U25: 44231 | V25: 192 | W25: 191.65 | AA25: 44231 | AB25: 47.88 | AC25: 48.33 | AG25: 44231 | AH25: 135.47 | AI25: 138.25 | AM25: 44231 | AN25: 136.3 | AO25: 137.39 | AS25: 44231 | AT25: 242.66 | AU25: 242.01 | AY25: 44231 | AZ25: 47.26 | BA25: 47.51 | BE25: 44231 | BF25: 48.96 | BG25: 49.01
C26: 44232 | D26: 81.77 | E26: 81.1 | I26: 44232 | J26: 13.73 | K26: 13.59 | O26: 44232 | P26: 11.8 | Q26: 11.51 | U26: 44232 | V26: 192.52 | W26: 193 | AA26: 44232 | AB26: 49.18 | AC26: 49.95 | AG26: 44232 | AH26: 139.39 | AI26: 137.98 | AM26: 44232 | AN26: 137.35 | AO26: 136.76 | AP26: 0.205 Dividend | AS26: 44232 | AT26: 242.23 | AU26: 242.2 | AY26: 44232 | AZ26: 47.82 | BA26: 48.12 | BE26: 44232 | BF26: 49.5 | BG26: 49.65
C27: 44235 | D27: 81.75 | E27: 84.01 | I27: 44235 | J27: 13.73 | K27: 14.44 | O27: 44235 | P27: 11.52 | Q27: 11.56 | U27: 44235 | V27: 195 | W27: 197.45 | AA27: 44235 | AB27: 50.92 | AC27: 52.1 | AG27: 44235 | AH27: 138.2 | AI27: 140.14 | AM27: 44235 | AN27: 136.03 | AO27: 136.91 | AS27: 44235 | AT27: 243.15 | AU27: 242.47 | AY27: 44235 | AZ27: 48.27 | BA27: 48.34 | BE27: 44235 | BF27: 49.96 | BG27: 49.92
C28: 44236 | D28: 83.35 | E28: 83.32 | I28: 44236 | J28: 14.34 | K28: 14.26 | O28: 44236 | P28: 11.54 | Q28: 11.93 | U28: 44236 | V28: 197.54 | W28: 197.28 | AA28: 44236 | AB28: 50.67 | AC28: 50.63 | AD28: 0.87 Dividend | AG28: 44236 | AH28: 139.43 | AI28: 139.58 | AM28: 44236 | AN28: 136.62 | AO28: 136.01 | AS28: 44236 | AT28: 241.87 | AU28: 243.77 | AY28: 44236 | AZ28: 48.19 | BA28: 48.61 | BE28: 44236 | BF28: 49.85 | BG28: 49.7
C29: 44237 | D29: 84 | E29: 82.35 | I29: 44237 | J29: 14.46 | K29: 14.76 | O29: 44237 | P29: 12 | Q29: 11.76 | U29: 44237 | V29: 198.5 | W29: 197.72 | AA29: 44237 | AB29: 50.63 | AC29: 51.12 | AG29: 44237 | AH29: 140 | AI29: 139.66 | AM29: 44237 | AN29: 136.48 | AO29: 135.39 | AS29: 44237 | AT29: 245 | AU29: 242.82 | AY29: 44237 | AZ29: 48.61 | BA29: 48.04 | BE29: 44237 | BF29: 50.41 | BG29: 49.6
C30: 44238 | D30: 84.4 | E30: 86.48 | I30: 44238 | J30: 14.98 | K30: 15.25 | O30: 44238 | P30: 11.66 | Q30: 11.45 | U30: 44238 | V30: 197.59 | W30: 198.35 | AA30: 44238 | AB30: 50.89 | AC30: 49.84 | AG30: 44238 | AH30: 139.66 | AI30: 139.27 | AM30: 44238 | AN30: 135.9 | AO30: 135.13 | AS30: 44238 | AT30: 244.78 | AU30: 244.49 | AY30: 44238 | AZ30: 48.05 | BA30: 48.01 | BE30: 44238 | BF30: 49.81 | BG30: 50.3
C31: 44239 | D31: 86.11 | E31: 88.01 | I31: 44239 | J31: 15.05 | K31: 14.96 | O31: 44239 | P31: 11.42 | Q31: 11.45 | U31: 44239 | V31: 197.98 | W31: 197.99 | AA31: 44239 | AB31: 49.43 | AC31: 50.52 | AG31: 44239 | AH31: 139.05 | AI31: 141.25 | AM31: 44239 | AN31: 134.35 | AO31: 135.37 | AS31: 44239 | AT31: 243.93 | AU31: 244.99 | AY31: 44239 | AZ31: 48.05 | BA31: 48.16 | BE31: 44239 | BF31: 50.57 | BG31: 50.69
C32: 44243 | D32: 89.22 | E32: 87.74 | I32: 44243 | J32: 15.06 | K32: 15.33 | O32: 44243 | P32: 11.5 | Q32: 11.54 | U32: 44243 | V32: 199.75 | W32: 202.38 | AA32: 44243 | AB32: 51.96 | AC32: 52.04 | AG32: 44243 | AH32: 143.55 | AI32: 144.65 | AM32: 44243 | AN32: 135.49 | AO32: 133.19 | AS32: 44243 | AT32: 245.03 | AU32: 243.7 | AY32: 44243 | AZ32: 48.65 | BA32: 48.55 | BE32: 44243 | BF32: 50.62 | BG32: 50.27
C33: 44244 | D33: 86.69 | E33: 86.05 | I33: 44244 | J33: 15.17 | K33: 14.91 | O33: 44244 | P33: 11.61 | Q33: 11.48 | U33: 44244 | V33: 202.39 | W33: 202.3 | AA33: 44244 | AB33: 52.35 | AC33: 52.85 | AG33: 44244 | AH33: 143.95 | AI33: 145.1 | AM33: 44244 | AN33: 131.25 | AO33: 130.84 | AS33: 44244 | AT33: 241.32 | AU33: 244.2 | AV33: 0.56 Dividend | AY33: 44244 | AZ33: 48.22 | BA33: 49.07 | BE33: 44244 | BF33: 50 | BG33: 50.13
C34: 44245 | D34: 86.52 | E34: 88.54 | I34: 44245 | J34: 14.73 | K34: 14.83 | O34: 44245 | P34: 11.37 | Q34: 11.43 | U34: 44245 | V34: 201.55 | W34: 199.92 | AA34: 44245 | AB34: 52.81 | AC34: 52.02 | AG34: 44245 | AH34: 144 | AI34: 145.59 | AM34: 44245 | AN34: 129.2 | AO34: 129.71 | AS34: 44245 | AT34: 241.8 | AU34: 243.79 | AY34: 44245 | AZ34: 46.33 | BA34: 45.89 | BE34: 44245 | BF34: 50.16 | BG34: 50.77
C35: 44246 | D35: 90.25 | E35: 90.96 | I35: 44246 | J35: 15.02 | K35: 14.93 | O35: 44246 | P35: 11.52 | Q35: 11.58 | U35: 44246 | V35: 203.25 | W35: 209.91 | AA35: 44246 | AB35: 52.11 | AC35: 52.37 | AG35: 44246 | AH35: 145.86 | AI35: 148.02 | AM35: 44246 | AN35: 130.24 | AO35: 129.87 | AS35: 44246 | AT35: 243.75 | AU35: 240.97 | AY35: 44246 | AZ35: 45.93 | BA35: 46.11 | BE35: 44246 | BF35: 50.79 | BG35: 50.11
C36: 44249 | D36: 89.53 | E36: 86.28 | I36: 44249 | J36: 14.77 | K36: 14.36 | O36: 44249 | P36: 11.52 | Q36: 11.7 | U36: 44249 | V36: 209.63 | W36: 218.06 | AA36: 44249 | AB36: 52.59 | AC36: 54.3 | AG36: 44249 | AH36: 146.87 | AI36: 149.41 | AM36: 44249 | AN36: 128.01 | AO36: 126 | AS36: 44249 | AT36: 237.42 | AU36: 234.51 | AY36: 44249 | AZ36: 45.91 | BA36: 45.9 | BE36: 44249 | BF36: 49.85 | BG36: 50.63
C37: 44250 | D37: 85.24 | E37: 88.23 | I37: 44250 | J37: 14.08 | K37: 14.14 | O37: 44250 | P37: 11.59 | Q37: 11.62 | U37: 44250 | V37: 219.53 | W37: 220.18 | AA37: 44250 | AB37: 54.98 | AC37: 55.05 | AG37: 44250 | AH37: 151.51 | AI37: 150.61 | AM37: 44250 | AN37: 123.76 | AO37: 125.86 | AS37: 44250 | AT37: 230.33 | AU37: 233.27 | AY37: 44250 | AZ37: 45.7 | BA37: 45.16 | BE37: 44250 | BF37: 51 | BG37: 50.54
C38: 44251 | D38: 88.3 | E38: 92.52 | I38: 44251 | J38: 14.12 | K38: 14.5 | O38: 44251 | P38: 11.67 | Q38: 12.27 | U38: 44251 | V38: 220.41 | W38: 222.47 | AA38: 44251 | AB38: 55.19 | AC38: 56.7 | AG38: 44251 | AH38: 150.11 | AI38: 153.26 | AM38: 44251 | AN38: 124.94 | AO38: 125.35 | AS38: 44251 | AT38: 230.01 | AU38: 234.55 | AY38: 44251 | AZ38: 45.29 | BA38: 44.4 | BE38: 44251 | BF38: 50.39 | BG38: 50.71
C39: 44252 | D39: 91.52 | E39: 88.12 | I39: 44252 | J39: 14.05 | K39: 13.31 | O39: 44252 | P39: 12.22 | Q39: 11.76 | U39: 44252 | V39: 223.62 | W39: 221.82 | AA39: 44252 | AB39: 56.98 | AC39: 55.76 | AG39: 44252 | AH39: 154.27 | AI39: 151.18 | AM39: 44252 | AN39: 124.68 | AO39: 120.99 | AS39: 44252 | AT39: 232.08 | AU39: 228.99 | AY39: 44252 | AZ39: 44.37 | BA39: 43.98 | BE39: 44252 | BF39: 50.47 | BG39: 50.17
C40: 44253 | D40: 89.74 | E40: 91.53 | I40: 44253 | J40: 13.75 | K40: 13.71 | O40: 44253 | P40: 11.89 | Q40: 11.7 | U40: 44253 | V40: 220.75 | W40: 215.88 | AA40: 44253 | AB40: 54.41 | AC40: 54.37 | AG40: 44253 | AH40: 150.3 | AI40: 147.17 | AM40: 44253 | AN40: 122.59 | AO40: 121.26 | AS40: 44253 | AT40: 231.53 | AU40: 232.38 | AY40: 44253 | AZ40: 43.83 | BA40: 43.31 | BE40: 44253 | BF40: 50.2 | BG40: 48.99
C41: 44256 | D41: 94.54 | E41: 94.76 | I41: 44256 | J41: 13.88 | K41: 13.84 | O41: 44256 | P41: 11.87 | Q41: 11.98 | U41: 44256 | V41: 219.31 | W41: 219.76 | AA41: 44256 | AB41: 56.47 | AC41: 56.4 | AG41: 44256 | AH41: 149.52 | AI41: 150.5 | AM41: 44256 | AN41: 123.75 | AO41: 127.79 | AS41: 44256 | AT41: 235.9 | AU41: 236.94 | AY41: 44256 | AZ41: 43.86 | BA41: 43.79 | BE41: 44256 | BF41: 49.44 | BG41: 49.9
C42: 44257 | D42: 93.57 | E42: 91.09 | I42: 44257 | J42: 13.9 | K42: 13.41 | O42: 44257 | P42: 12.04 | Q42: 12.55 | U42: 44257 | V42: 218.69 | W42: 215.82 | AA42: 44257 | AB42: 56.65 | AC42: 56.07 | AG42: 44257 | AH42: 150.08 | AI42: 150.01 | AM42: 44257 | AN42: 128.41 | AO42: 125.12 | AS42: 44257 | AT42: 237.01 | AU42: 233.87 | AY42: 44257 | AZ42: 43.84 | BA42: 43.37 | BE42: 44257 | BF42: 49.84 | BG42: 50.1
C43: 44258 | D43: 90.57 | E43: 89.11 | I43: 44258 | J43: 13.43 | K43: 12.8 | O43: 44258 | P43: 12.61 | Q43: 12.17 | U43: 44258 | V43: 212.14 | W43: 214.91 | AA43: 44258 | AB43: 56.42 | AC43: 56.52 | AG43: 44258 | AH43: 151.23 | AI43: 152.91 | AM43: 44258 | AN43: 124.81 | AO43: 122.06 | AS43: 44258 | AT43: 232.16 | AU43: 227.56 | AY43: 44258 | AZ43: 43.17 | BA43: 42.53 | BE43: 44258 | BF43: 49.72 | BG43: 49.98
C44: 44259 | D44: 88.81 | E44: 84.33 | I44: 44259 | J44: 12.8 | K44: 12.37 | O44: 44259 | P44: 12.24 | Q44: 11.93 | U44: 44259 | V44: 214.48 | W44: 212.77 | AA44: 44259 | AB44: 57.12 | AC44: 58.71 | AG44: 44259 | AH44: 152.61 | AI44: 150.56 | AM44: 44259 | AN44: 121.75 | AO44: 120.13 | AS44: 44259 | AT44: 226.74 | AU44: 226.73 | AY44: 44259 | AZ44: 42.62 | BA44: 42.51 | BE44: 44259 | BF44: 50.31 | BG44: 49.94
C45: 44260 | D45: 87.53 | E45: 88.93 | I45: 44260 | J45: 12.55 | K45: 12.46 | O45: 44260 | P45: 12.06 | Q45: 12.27 | U45: 44260 | V45: 214.34 | W45: 220.16 | AA45: 44260 | AB45: 59.83 | AC45: 60.93 | AG45: 44260 | AH45: 153.22 | AI45: 150.91 | AM45: 44260 | AN45: 120.98 | AO45: 121.42 | AS45: 44260 | AT45: 229.52 | AU45: 231.6 | AY45: 44260 | AZ45: 42.28 | BA45: 43.04 | BE45: 44260 | BF45: 50.05 | BG45: 50.79
C46: 44263 | D46: 88.57 | E46: 85.05 | I46: 44263 | J46: 12.45 | K46: 11.59 | O46: 44263 | P46: 12.39 | Q46: 12.65 | U46: 44263 | V46: 220.97 | W46: 221.58 | AA46: 44263 | AB46: 61.58 | AC46: 60.87 | AG46: 44263 | AH46: 152.47 | AI46: 152.91 | AM46: 44263 | AN46: 120.93 | AO46: 116.36 | AS46: 44263 | AT46: 231.37 | AU46: 227.39 | AY46: 44263 | AZ46: 43.11 | BA46: 42.63 | BE46: 44263 | BF46: 51.47 | BG46: 51.64
C47: 44264 | D47: 88 | E47: 89.3 | I47: 44264 | J47: 12.13 | K47: 12.52 | L47: 0.004 Dividend | O47: 44264 | P47: 12.76 | Q47: 12.57 | U47: 44264 | V47: 221.38 | W47: 216.8 | AA47: 44264 | AB47: 60.61 | AC47: 59.93 | AG47: 44264 | AH47: 151.5 | AI47: 151.83 | AM47: 44264 | AN47: 119.03 | AO47: 121.09 | AS47: 44264 | AT47: 232.88 | AU47: 233.78 | AY47: 44264 | AZ47: 42.93 | BA47: 42.96 | BE47: 44264 | BF47: 51.72 | BG47: 50.86
C48: 44265 | D48: 90.01 | E48: 85.41 | I48: 44265 | J48: 12.84 | K48: 12.47 | O48: 44265 | P48: 12.72 | Q48: 12.91 | U48: 44265 | V48: 217.73 | W48: 221.06 | AA48: 44265 | AB48: 60.52 | AC48: 61.77 | AG48: 44265 | AH48: 151.91 | AI48: 155.13 | AM48: 44265 | AN48: 121.69 | AO48: 119.98 | AS48: 44265 | AT48: 237 | AU48: 232.42 | AY48: 44265 | AZ48: 42.95 | BA48: 44.06 | BE48: 44265 | BF48: 51.18 | BG48: 51.44
C49: 44266 | D49: 87.59 | E49: 89.31 | I49: 44266 | J49: 12.95 | K49: 12.99 | O49: 44266 | P49: 12.94 | Q49: 12.81 | U49: 44266 | V49: 223 | W49: 219.76 | AA49: 44266 | AB49: 61.78 | AC49: 61.31 | AG49: 44266 | AH49: 154.11 | AI49: 154.32 | AM49: 44266 | AN49: 122.54 | AO49: 121.96 | AS49: 44266 | AT49: 234.96 | AU49: 237.13 | AY49: 44266 | AZ49: 44.45 | BA49: 44.04 | BE49: 44266 | BF49: 51.41 | BG49: 50.88
C50: 44267 | D50: 87.57 | E50: 87.77 | I50: 44267 | J50: 12.65 | K50: 12.86 | O50: 44267 | P50: 12.78 | Q50: 13.37 | U50: 44267 | V50: 219 | W50: 229 | AA50: 44267 | AB50: 61.55 | AC50: 61.97 | AG50: 44267 | AH50: 156.86 | AI50: 156.15 | AM50: 44267 | AN50: 120.4 | AO50: 121.03 | AS50: 44267 | AT50: 234.01 | AU50: 235.75 | AY50: 44267 | AZ50: 44.17 | BA50: 44.71 | BE50: 44267 | BF50: 50.59 | BG50: 50.36 | BH50: 0.42 Dividend
C51: 44270 | D51: 87.77 | E51: 88.85 | I51: 44270 | J51: 12.86 | K51: 13.19 | O51: 44270 | P51: 13.39 | Q51: 13.2 | U51: 44270 | V51: 228.87 | W51: 230.74 | AA51: 44270 | AB51: 61.49 | AC51: 60.39 | AG51: 44270 | AH51: 156.35 | AI51: 155.37 | AM51: 44270 | AN51: 121.41 | AO51: 123.99 | AS51: 44270 | AT51: 234.96 | AU51: 234.81 | AY51: 44270 | AZ51: 44.91 | BA51: 44.48 | BE51: 44270 | BF51: 50.5 | BG51: 51.03
C52: 44271 | D52: 90.75 | E52: 91.43 | I52: 44271 | J52: 13.36 | K52: 13.29 | O52: 44271 | P52: 13.06 | Q52: 12.49 | U52: 44271 | V52: 227.72 | W52: 226.46 | AA52: 44271 | AB52: 59.54 | AC52: 59.11 | AG52: 44271 | AH52: 154.09 | AI52: 153.51 | AM52: 44271 | AN52: 125.7 | AO52: 125.57 | AS52: 44271 | AT52: 236.28 | AU52: 237.71 | AY52: 44271 | AZ52: 44.27 | BA52: 44.46 | BE52: 44271 | BF52: 51.2 | BG52: 51.22
C53: 44272 | D53: 91.33 | E53: 94.76 | I53: 44272 | J53: 13.04 | K53: 13.34 | O53: 44272 | P53: 12.34 | Q53: 12.69 | U53: 44272 | V53: 228.13 | W53: 233.63 | AA53: 44272 | AB53: 58.69 | AC53: 59.37 | AG53: 44272 | AH53: 155.34 | AI53: 155.09 | AM53: 44272 | AN53: 124.05 | AO53: 124.76 | AS53: 44272 | AT53: 236.15 | AU53: 237.04 | AY53: 44272 | AZ53: 44.17 | BA53: 44.09 | BE53: 44272 | BF53: 51.25 | BG53: 51.24
C54: 44273 | D54: 92.97 | E54: 89.82 | I54: 44273 | J54: 13.14 | K54: 12.72 | O54: 44273 | P54: 12.7 | Q54: 12.49 | U54: 44273 | V54: 234 | W54: 230.68 | AA54: 44273 | AB54: 58.81 | AC54: 56.81 | AG54: 44273 | AH54: 157.6 | AI54: 157.65 | AM54: 44273 | AN54: 122.88 | AO54: 120.53 | AS54: 44273 | AT54: 232.56 | AU54: 230.72 | AY54: 44273 | AZ54: 43.72 | BA54: 43.34 | BB54: 0.183333 Dividend | BE54: 44273 | BF54: 51.06 | BG54: 50.57
C55: 44274 | D55: 90.36 | E55: 90.51 | I55: 44274 | J55: 12.75 | K55: 12.85 | O55: 44274 | P55: 12.85 | Q55: 12.83 | U55: 44274 | V55: 228.75 | W55: 225.29 | AA55: 44274 | AB55: 56.71 | AC55: 56.49 | AG55: 44274 | AH55: 155.51 | AI55: 155.14 | AM55: 44274 | AN55: 119.9 | AO55: 119.99 | AS55: 44274 | AT55: 231.02 | AU55: 230.35 | AY55: 44274 | AZ55: 43.38 | BA55: 43.91 | BE55: 44274 | BF55: 50.46 | BG55: 50.81
C56: 44277 | D56: 91.83 | E56: 91.28 | I56: 44277 | J56: 12.91 | K56: 13.19 | O56: 44277 | P56: 12.85 | Q56: 12.85 | U56: 44277 | V56: 226.62 | W56: 226.02 | AA56: 44277 | AB56: 56.5 | AC56: 55.91 | AG56: 44277 | AH56: 152.8 | AI56: 150.97 | AM56: 44277 | AN56: 120.33 | AO56: 123.39 | AS56: 44277 | AT56: 230.27 | AU56: 235.99 | AY56: 44277 | AZ56: 43.67 | BA56: 44.12 | BE56: 44277 | BF56: 50.32 | BG56: 51
C57: 44278 | D57: 91.02 | E57: 85.4 | I57: 44278 | J57: 13.25 | K57: 13.07 | O57: 44278 | P57: 12.57 | Q57: 12.21 | U57: 44278 | V57: 222.06 | W57: 218.25 | AA57: 44278 | AB57: 54.94 | AC57: 55.22 | AG57: 44278 | AH57: 150.33 | AI57: 149.46 | AM57: 44278 | AN57: 123.33 | AO57: 122.54 | AS57: 44278 | AT57: 237.49 | AU57: 237.58 | AY57: 44278 | AZ57: 43.9 | BA57: 44.65 | BE57: 44278 | BF57: 50.99 | BG57: 51.39
C58: 44279 | D58: 87.06 | E58: 83 | I58: 44279 | J58: 13.15 | K58: 12.64 | O58: 44279 | P58: 12.36 | Q58: 12.14 | U58: 44279 | V58: 220.51 | W58: 221.23 | AA58: 44279 | AB58: 56.08 | AC58: 56.34 | AG58: 44279 | AH58: 150 | AI58: 150.62 | AM58: 44279 | AN58: 122.82 | AO58: 120.09 | AS58: 44279 | AT58: 237.85 | AU58: 235.46 | AY58: 44279 | AZ58: 44.81 | BA58: 44.37 | BE58: 44279 | BF58: 51.17 | BG58: 51.52
C59: 44280 | D59: 81.14 | E59: 84.09 | I59: 44280 | J59: 12.5 | K59: 12.54 | O59: 44280 | P59: 11.94 | Q59: 12.32 | U59: 44280 | V59: 219.23 | W59: 224.25 | AA59: 44280 | AB59: 55.21 | AC59: 56.18 | AG59: 44280 | AH59: 150 | AI59: 152.55 | AM59: 44280 | AN59: 119.54 | AO59: 120.59 | AS59: 44280 | AT59: 235.3 | AU59: 232.34 | AY59: 44280 | AZ59: 44.42 | BA59: 44.67 | BE59: 44280 | BF59: 51.7 | BG59: 52.02
C60: 44281 | D60: 84.16 | E60: 87.99 | I60: 44281 | J60: 12.55 | K60: 12.84 | O60: 44281 | P60: 12.43 | Q60: 12.3 | U60: 44281 | V60: 226.35 | W60: 229.5 | AA60: 44281 | AB60: 57.3 | AC60: 57.71 | AG60: 44281 | AH60: 154.3 | AI60: 155.09 | AM60: 44281 | AN60: 120.35 | AO60: 121.21 | AS60: 44281 | AT60: 231.55 | AU60: 236.48 | AY60: 44281 | AZ60: 44.67 | BA60: 45.04 | BE60: 44281 | BF60: 52.14 | BG60: 53.04
C61: 44284 | D61: 87.76 | E61: 86.59 | I61: 44284 | J61: 12.82 | K61: 12.95 | O61: 44284 | P61: 12.2 | Q61: 12.15 | U61: 44284 | V61: 228.1 | W61: 230.22 | AA61: 44284 | AB61: 57.34 | AC61: 57.4 | AG61: 44284 | AH61: 152.12 | AI61: 152.68 | AM61: 44284 | AN61: 121.65 | AO61: 121.39 | AS61: 44284 | AT61: 236.59 | AU61: 235.24 | AY61: 44284 | AZ61: 45 | BA61: 45.56 | BE61: 44284 | BF61: 52.73 | BG61: 53.85
C62: 44285 | D62: 86.26 | E62: 86.54 | I62: 44285 | J62: 12.84 | K62: 12.87 | O62: 44285 | P62: 12.16 | Q62: 12.46 | U62: 44285 | V62: 231.2 | W62: 233.08 | AA62: 44285 | AB62: 56.86 | AC62: 56.69 | AG62: 44285 | AH62: 154.46 | AI62: 154.48 | AM62: 44285 | AN62: 120.11 | AO62: 119.9 | AS62: 44285 | AT62: 233.53 | AU62: 231.85 | AY62: 44285 | AZ62: 45.44 | BA62: 45.25 | BE62: 44285 | BF62: 53.75 | BG62: 53.15
C63: 44286 | D63: 87.44 | E63: 88.21 | I63: 44286 | J63: 13.02 | K63: 13.35 | O63: 44286 | P63: 12.46 | Q63: 12.25 | U63: 44286 | V63: 234.35 | W63: 231.87 | AA63: 44286 | AB63: 56.35 | AC63: 55.83 | AG63: 44286 | AH63: 153.28 | AI63: 152.23 | AM63: 44286 | AN63: 121.65 | AO63: 122.15 | AS63: 44286 | AT63: 232.91 | AU63: 235.77 | AY63: 44286 | AZ63: 45.18 | BA63: 45.28 | BE63: 44286 | BF63: 53.03 | BG63: 52.71
C64: 44287 | D64: 93 | E64: 92.41 | I64: 44287 | J64: 13.57 | K64: 13.81 | O64: 44287 | P64: 12.28 | Q64: 12.17 | U64: 44287 | V64: 231.3 | W64: 232.74 | AA64: 44287 | AB64: 56.32 | AC64: 57.39 | AG64: 44287 | AH64: 151.9 | AI64: 153.71 | AM64: 44287 | AN64: 123.66 | AO64: 123 | AS64: 44287 | AT64: 238.47 | AU64: 242.35 | AY64: 44287 | AZ64: 45.31 | BA64: 45.21 | BE64: 44287 | BF64: 52.96 | BG64: 52.51
C65: 44291 | D65: 93.93 | E65: 93.75 | I65: 44291 | J65: 13.87 | K65: 13.99 | O65: 44291 | P65: 12.39 | Q65: 12.7 | U65: 44291 | V65: 235 | W65: 233.71 | AA65: 44291 | AB65: 57.3 | AC65: 56.5 | AG65: 44291 | AH65: 154.4 | AI65: 153.62 | AJ65: 0.9 Dividend | AM65: 44291 | AN65: 123.87 | AO65: 125.9 | AS65: 44291 | AT65: 242.76 | AU65: 249.07 | AY65: 44291 | AZ65: 45.57 | BA65: 46.48 | BE65: 44291 | BF65: 52.35 | BG65: 52.81
C66: 44292 | D66: 93.84 | E66: 93.49 | I66: 44292 | J66: 14 | K66: 13.86 | O66: 44292 | P66: 12.7 | Q66: 12.92 | U66: 44292 | V66: 232.5 | W66: 230.64 | AA66: 44292 | AB66: 56.84 | AC66: 56.34 | AG66: 44292 | AH66: 152.79 | AI66: 152.54 | AM66: 44292 | AN66: 126.5 | AO66: 126.21 | AS66: 44292 | AT66: 247.61 | AU66: 247.86 | AY66: 44292 | AZ66: 46.37 | BA66: 46.7 | BE66: 44292 | BF66: 53.04 | BG66: 53.19
C67: 44293 | D67: 94.25 | E67: 93.96 | I67: 44293 | J67: 13.88 | K67: 14.14 | O67: 44293 | P67: 12.87 | Q67: 12.73 | U67: 44293 | V67: 231.96 | W67: 230.41 | AA67: 44293 | AB67: 56.39 | AC67: 56.59 | AG67: 44293 | AH67: 153.1 | AI67: 154.93 | AM67: 44293 | AN67: 125.83 | AO67: 127.9 | AS67: 44293 | AT67: 247.81 | AU67: 249.9 | AY67: 44293 | AZ67: 46.77 | BA67: 46.6 | BE67: 44293 | BF67: 53.28 | BG67: 53.28
C68: 44294 | D68: 95 | E68: 95.29 | I68: 44294 | J68: 14.25 | K68: 14.32 | O68: 44294 | P68: 12.67 | Q68: 12.51 | U68: 44294 | V68: 230.13 | W68: 230.48 | AA68: 44294 | AB68: 55.93 | AC68: 56 | AG68: 44294 | AH68: 154 | AI68: 155.12 | AM68: 44294 | AN68: 128.95 | AO68: 130.36 | AS68: 44294 | AT68: 252.77 | AU68: 253.25 | AY68: 44294 | AZ68: 46.82 | BA68: 46.57 | BE68: 44294 | BF68: 53.17 | BG68: 53.12
C69: 44295 | D69: 94.34 | E69: 95.3 | I69: 44295 | J69: 14.21 | K69: 14.4 | O69: 44295 | P69: 12.49 | Q69: 12.51 | U69: 44295 | V69: 231.3 | W69: 230.75 | AA69: 44295 | AB69: 56 | AC69: 55.87 | AG69: 44295 | AH69: 155.81 | AI69: 156.28 | AM69: 44295 | AN69: 129.8 | AO69: 133 | AS69: 44295 | AT69: 252.87 | AU69: 255.85 | AY69: 44295 | AZ69: 46.54 | BA69: 46.59 | BE69: 44295 | BF69: 53.17 | BG69: 53.18
C70: 44298 | D70: 95.19 | E70: 95.59 | I70: 44298 | J70: 14.29 | K70: 15.21 | O70: 44298 | P70: 12.5 | Q70: 12.38 | U70: 44298 | V70: 230.3 | W70: 230.93 | AA70: 44298 | AB70: 56.76 | AC70: 55.5 | AG70: 44298 | AH70: 155.58 | AI70: 155.95 | AM70: 44298 | AN70: 132.52 | AO70: 131.24 | AS70: 44298 | AT70: 254.71 | AU70: 255.91 | AY70: 44298 | AZ70: 46.69 | BA70: 46.6 | BE70: 44298 | BF70: 53.33 | BG70: 53.35
C71: 44299 | D71: 96.29 | E71: 92.15 | I71: 44299 | J71: 15.23 | K71: 15.68 | O71: 44299 | P71: 12.39 | Q71: 12.2 | U71: 44299 | V71: 233.41 | W71: 229.35 | AA71: 44299 | AB71: 55.3 | AC71: 55.71 | AG71: 44299 | AH71: 154.75 | AI71: 154.09 | AM71: 44299 | AN71: 132.44 | AO71: 134.43 | AS71: 44299 | AT71: 257.26 | AU71: 258.49 | AY71: 44299 | AZ71: 46.6 | BA71: 46.46 | BE71: 44299 | BF71: 53.04 | BG71: 53.09
C72: 44300 | D72: 91.66 | E72: 90.67 | I72: 44300 | J72: 15.63 | K72: 15.28 | O72: 44300 | P72: 12.2 | Q72: 12.24 | U72: 44300 | V72: 229.6 | W72: 232.58 | AA72: 44300 | AB72: 56.41 | AC72: 57.32 | AG72: 44300 | AH72: 151.47 | AI72: 151.21 | AM72: 44300 | AN72: 134.94 | AO72: 132.03 | AS72: 44300 | AT72: 257.48 | AU72: 255.59 | AY72: 44300 | AZ72: 46.37 | BA72: 46.44 | BE72: 44300 | BF72: 52.98 | BG72: 53.08
C73: 44301 | D73: 91.75 | E73: 90.27 | I73: 44301 | J73: 15.66 | K73: 16.14 | O73: 44301 | P73: 12.3 | Q73: 12.24 | U73: 44301 | V73: 233.15 | W73: 232.52 | AA73: 44301 | AB73: 57.42 | AC73: 56.98 | AG73: 44301 | AH73: 151.25 | AI73: 152.17 | AM73: 44301 | AN73: 133.82 | AO73: 134.5 | AS73: 44301 | AT73: 257.93 | AU73: 259.5 | AY73: 44301 | AZ73: 46.47 | BA73: 46.72 | BE73: 44301 | BF73: 53.13 | BG73: 53.33
C74: 44302 | D74: 90.44 | E74: 90.66 | I74: 44302 | J74: 16.05 | K74: 15.91 | O74: 44302 | P74: 12.32 | Q74: 12.23 | U74: 44302 | V74: 234.62 | W74: 233.36 | AA74: 44302 | AB74: 57.36 | AC74: 56.66 | AG74: 44302 | AH74: 153.87 | AI74: 153.3 | AM74: 44302 | AN74: 134.3 | AO74: 134.16 | AS74: 44302 | AT74: 259.47 | AU74: 260.74 | AY74: 44302 | AZ74: 46.96 | BA74: 46.87 | BE74: 44302 | BF74: 53.74 | BG74: 53.68
C75: 44305 | D75: 90.67 | E75: 88.41 | I75: 44305 | J75: 15.54 | K75: 15.36 | O75: 44305 | P75: 12.22 | Q75: 12.11 | U75: 44305 | V75: 232.9 | W75: 232.39 | AA75: 44305 | AB75: 56.75 | AC75: 56.48 | AG75: 44305 | AH75: 153.42 | AI75: 152.65 | AM75: 44305 | AN75: 133.51 | AO75: 134.84 | AS75: 44305 | AT75: 260.19 | AU75: 258.74 | AY75: 44305 | AZ75: 46.76 | BA75: 46.57 | BE75: 44305 | BF75: 54 | BG75: 54
C76: 44306 | D76: 88.38 | E76: 87.48 | I76: 44306 | J76: 15.32 | K76: 15.17 | O76: 44306 | P76: 12.06 | Q76: 11.45 | U76: 44306 | V76: 230.9 | W76: 227.63 | AA76: 44306 | AB76: 56.47 | AC76: 55.29 | AG76: 44306 | AH76: 151.74 | AI76: 149.27 | AM76: 44306 | AN76: 135.02 | AO76: 133.11 | AS76: 44306 | AT76: 257.82 | AU76: 258.26 | AY76: 44306 | AZ76: 46.47 | BA76: 46.93 | BE76: 44306 | BF76: 53.84 | BG76: 54.17
C77: 44307 | D77: 87.06 | E77: 89.49 | I77: 44307 | J77: 15.12 | K77: 15.36 | O77: 44307 | P77: 11.36 | Q77: 11.73 | U77: 44307 | V77: 227.32 | W77: 232.46 | AA77: 44307 | AB77: 54.5 | AC77: 56 | AG77: 44307 | AH77: 147.79 | AI77: 150.54 | AM77: 44307 | AN77: 132.36 | AO77: 133.5 | AS77: 44307 | AT77: 258.94 | AU77: 260.58 | AY77: 44307 | AZ77: 46.92 | BA77: 47.07 | BE77: 44307 | BF77: 54.24 | BG77: 54.61
C78: 44308 | D78: 88.2 | E78: 84.71 | I78: 44308 | J78: 15.38 | K78: 14.85 | O78: 44308 | P78: 12.06 | Q78: 11.94 | U78: 44308 | V78: 233.25 | W78: 228.89 | AA78: 44308 | AB78: 55.99 | AC78: 55.27 | AG78: 44308 | AH78: 150.23 | AI78: 147.37 | AM78: 44308 | AN78: 133.04 | AO78: 131.94 | AS78: 44308 | AT78: 260.21 | AU78: 257.17 | AY78: 44308 | AZ78: 47.03 | BA78: 46.56 | BE78: 44308 | BF78: 54.47 | BG78: 54.44
C79: 44309 | D79: 85.24 | E79: 86.03 | I79: 44309 | J79: 14.93 | K79: 15.27 | O79: 44309 | P79: 11.97 | Q79: 12.22 | U79: 44309 | V79: 229.36 | W79: 230.11 | X79: 1.03 Dividend | AA79: 44309 | AB79: 55.27 | AC79: 55.57 | AG79: 44309 | AH79: 147.18 | AI79: 150.19 | AM79: 44309 | AN79: 132.16 | AO79: 134.32 | AS79: 44309 | AT79: 257.88 | AU79: 261.15 | AY79: 44309 | AZ79: 46.37 | BA79: 46.63 | BE79: 44309 | BF79: 54.4 | BG79: 54.47
C80: 44312 | D80: 86.47 | E80: 87.84 | I80: 44312 | J80: 15.19 | K80: 15.48 | O80: 44312 | P80: 12.28 | Q80: 12.27 | U80: 44312 | V80: 230.57 | W80: 230.56 | AA80: 44312 | AB80: 55.47 | AC80: 55.68 | AG80: 44312 | AH80: 150.78 | AI80: 150.56 | AM80: 44312 | AN80: 134.83 | AO80: 134.72 | AS80: 44312 | AT80: 261.66 | AU80: 261.55 | AY80: 44312 | AZ80: 46.64 | BA80: 45.97 | BE80: 44312 | BF80: 54.47 | BG80: 53.66
C81: 44313 | D81: 89.33 | E81: 89.46 | I81: 44313 | J81: 15.58 | K81: 15.38 | O81: 44313 | P81: 12.29 | Q81: 12.49 | U81: 44313 | V81: 230.29 | W81: 230.34 | AA81: 44313 | AB81: 56.01 | AC81: 56.41 | AG81: 44313 | AH81: 150.5 | AI81: 151.25 | AM81: 44313 | AN81: 135.01 | AO81: 134.39 | AS81: 44313 | AT81: 261.58 | AU81: 261.97 | AY81: 44313 | AZ81: 46 | BA81: 46.13 | BE81: 44313 | BF81: 53.56 | BG81: 53.58
C82: 44314 | D82: 87.66 | E82: 86.03 | I82: 44314 | J82: 15.36 | K82: 15.28 | O82: 44314 | P82: 12.6 | Q82: 12.43 | U82: 44314 | V82: 230.05 | W82: 232.3 | AA82: 44314 | AB82: 56.91 | AC82: 58.11 | AG82: 44314 | AH82: 152.43 | AI82: 152.23 | AM82: 44314 | AN82: 134.31 | AO82: 133.58 | AS82: 44314 | AT82: 256.08 | AU82: 254.56 | AY82: 44314 | AZ82: 46.12 | BA82: 45.96 | BE82: 44314 | BF82: 53.98 | BG82: 53.59
C83: 44315 | D83: 87.72 | E83: 88.06 | I83: 44315 | J83: 15.4 | K83: 15.32 | O83: 44315 | P83: 11.91 | Q83: 11.26 | U83: 44315 | V83: 235 | W83: 227.47 | AA83: 44315 | AB83: 58.92 | AC83: 58.94 | AG83: 44315 | AH83: 153.54 | AI83: 155.19 | AM83: 44315 | AN83: 136.47 | AO83: 133.48 | AS83: 44315 | AT83: 255.46 | AU83: 252.51 | AY83: 44315 | AZ83: 45.97 | BA83: 46.54 | BE83: 44315 | BF83: 53.54 | BG83: 54.26
C84: 44316 | D84: 86.93 | E84: 86.07 | I84: 44316 | J84: 15.17 | K84: 15.01 | O84: 44316 | P84: 11.36 | Q84: 11.54 | U84: 44316 | V84: 225.52 | W84: 228.11 | AA84: 44316 | AB84: 58.33 | AC84: 57.24 | AG84: 44316 | AH84: 154.1 | AI84: 153.81 | AM84: 44316 | AN84: 131.78 | AO84: 131.46 | AS84: 44316 | AT84: 249.74 | AU84: 252.18 | AY84: 44316 | AZ84: 46.57 | BA84: 46.64 | BE84: 44316 | BF84: 54.25 | BG84: 53.98
C85: 44319 | D85: 86.97 | E85: 85.02 | I85: 44319 | J85: 15.13 | K85: 14.84 | O85: 44319 | P85: 11.56 | Q85: 11.63 | U85: 44319 | V85: 230 | W85: 228.17 | AA85: 44319 | AB85: 57.98 | AC85: 58.82 | AG85: 44319 | AH85: 154.85 | AI85: 153.36 | AM85: 44319 | AN85: 132.04 | AO85: 132.54 | AS85: 44319 | AT85: 253.4 | AU85: 251.86 | AY85: 44319 | AZ85: 46.56 | BA85: 47.37 | BE85: 44319 | BF85: 54.27 | BG85: 54.48
C86: 44320 | D86: 84.14 | E86: 84.41 | I86: 44320 | J86: 14.64 | K86: 14.35 | O86: 44320 | P86: 11.53 | Q86: 11.41 | U86: 44320 | V86: 227 | W86: 233.41 | AA86: 44320 | AB86: 59 | AC86: 59.19 | AG86: 44320 | AH86: 152.87 | AI86: 155.48 | AM86: 44320 | AN86: 131.19 | AO86: 127.85 | AS86: 44320 | AT86: 250.97 | AU86: 247.79 | AY86: 44320 | AZ86: 47.18 | BA86: 46.91 | BE86: 44320 | BF86: 54.57 | BG86: 54.14
C87: 44321 | D87: 85.49 | E87: 85.15 | I87: 44321 | J87: 14.71 | K87: 14.46 | O87: 44321 | P87: 11.5 | Q87: 11.61 | U87: 44321 | V87: 234.62 | W87: 237.88 | AA87: 44321 | AB87: 59.77 | AC87: 60.97 | AG87: 44321 | AH87: 156 | AI87: 157.52 | AM87: 44321 | AN87: 129.2 | AO87: 128.1 | AS87: 44321 | AT87: 249.06 | AU87: 246.47 | AY87: 44321 | AZ87: 46.9 | BA87: 46.87 | BE87: 44321 | BF87: 54.14 | BG87: 54
C88: 44322 | D88: 84.87 | E88: 84.8 | I88: 44322 | J88: 14.5 | K88: 14.52 | O88: 44322 | P88: 11.55 | Q88: 11.74 | U88: 44322 | V88: 238 | W88: 237.07 | AA88: 44322 | AB88: 60.86 | AC88: 61.55 | AG88: 44322 | AH88: 158.07 | AI88: 160.69 | AM88: 44322 | AN88: 127.89 | AO88: 129.74 | AS88: 44322 | AT88: 246.45 | AU88: 249.73 | AY88: 44322 | AZ88: 46.67 | BA88: 47.02 | BB88: 0.183333 Dividend | BE88: 44322 | BF88: 54.12 | BG88: 54.54
C89: 44323 | D89: 85.91 | E89: 85.98 | I89: 44323 | J89: 14.81 | K89: 14.81 | O89: 44323 | P89: 11.65 | Q89: 11.82 | U89: 44323 | V89: 235.64 | W89: 240.99 | AA89: 44323 | AB89: 61.07 | AC89: 62.43 | AG89: 44323 | AH89: 157.22 | AI89: 161.24 | AM89: 44323 | AN89: 130.85 | AO89: 130.21 | AP89: 0.22 Dividend | AS89: 44323 | AT89: 252.15 | AU89: 252.46 | AY89: 44323 | AZ89: 47.21 | BA89: 46.73 | BE89: 44323 | BF89: 54.44 | BG89: 54.51
C90: 44326 | D90: 84.95 | E90: 80.85 | I90: 44326 | J90: 14.79 | K90: 14.27 | O90: 44326 | P90: 11.78 | Q90: 11.71 | U90: 44326 | V90: 243.5 | W90: 242.61 | AA90: 44326 | AB90: 63.24 | AC90: 62.58 | AG90: 44326 | AH90: 161.5 | AI90: 161.22 | AM90: 44326 | AN90: 129.41 | AO90: 126.85 | AS90: 44326 | AT90: 250.87 | AU90: 247.18 | AY90: 44326 | AZ90: 46.82 | BA90: 46.94 | BE90: 44326 | BF90: 54.88 | BG90: 54.91
C91: 44327 | D91: 77.27 | E91: 80.68 | I91: 44327 | J91: 13.82 | K91: 14.31 | O91: 44327 | P91: 11.45 | Q91: 11.58 | U91: 44327 | V91: 238.78 | W91: 239.3 | AA91: 44327 | AB91: 61.63 | AC91: 60.59 | AG91: 44327 | AH91: 161.08 | AI91: 158.54 | AM91: 44327 | AN91: 123.5 | AO91: 125.91 | AS91: 44327 | AT91: 244.55 | AU91: 246.23 | AY91: 44327 | AZ91: 46.96 | BA91: 46.52 | BE91: 44327 | BF91: 55.03 | BG91: 54.32
C92: 44328 | D92: 79.14 | E92: 76.8 | I92: 44328 | J92: 14.01 | K92: 13.76 | O92: 44328 | P92: 11.54 | Q92: 11.33 | U92: 44328 | V92: 241.27 | W92: 237.32 | AA92: 44328 | AB92: 60.01 | AC92: 60.04 | AD92: 0.87 Dividend | AG92: 44328 | AH92: 159.61 | AI92: 157.45 | AM92: 44328 | AN92: 123.4 | AO92: 122.77 | AS92: 44328 | AT92: 242.17 | AU92: 239 | AY92: 44328 | AZ92: 46.29 | BA92: 45.31 | BE92: 44328 | BF92: 54.36 | BG92: 54.04
C93: 44329 | D93: 77.97 | E93: 77.19 | I93: 44329 | J93: 14.03 | K93: 13.67 | O93: 44329 | P93: 11.36 | Q93: 11.55 | U93: 44329 | V93: 236.04 | W93: 240.07 | AA93: 44329 | AB93: 59 | AC93: 59.3 | AG93: 44329 | AH93: 158.18 | AI93: 161.5 | AM93: 44329 | AN93: 124.58 | AO93: 124.97 | AS93: 44329 | AT93: 241.8 | AU93: 243.03 | AY93: 44329 | AZ93: 45.41 | BA93: 46.08 | BE93: 44329 | BF93: 53.97 | BG93: 54.51
C94: 44330 | D94: 78.79 | E94: 79.7 | I94: 44330 | J94: 13.89 | K94: 14.24 | O94: 44330 | P94: 11.65 | Q94: 11.84 | U94: 44330 | V94: 242 | W94: 242.23 | AA94: 44330 | AB94: 59.93 | AC94: 60.77 | AG94: 44330 | AH94: 162.39 | AI94: 164.01 | AM94: 44330 | AN94: 126.25 | AO94: 127.45 | AS94: 44330 | AT94: 245.58 | AU94: 248.15 | AY94: 44330 | AZ94: 46.27 | BA94: 46.51 | BE94: 44330 | BF94: 54.9 | BG94: 54.73
C95: 44333 | D95: 79.1 | E95: 80.39 | I95: 44333 | J95: 14.16 | K95: 14.17 | O95: 44333 | P95: 11.82 | Q95: 12.15 | U95: 44333 | V95: 242.74 | W95: 244.79 | AA95: 44333 | AB95: 60.54 | AC95: 62.19 | AG95: 44333 | AH95: 163.37 | AI95: 164.67 | AM95: 44333 | AN95: 126.82 | AO95: 126.27 | AS95: 44333 | AT95: 246.55 | AU95: 245.18 | AY95: 44333 | AZ95: 46.67 | BA95: 46.3 | BE95: 44333 | BF95: 54.84 | BG95: 54.64
C96: 44334 | D96: 80.55 | E96: 78.88 | I96: 44334 | J96: 14.27 | K96: 14.02 | O96: 44334 | P96: 12.29 | Q96: 12.14 | U96: 44334 | V96: 244.79 | W96: 239.47 | AA96: 44334 | AB96: 62 | AC96: 60.43 | AG96: 44334 | AH96: 164.68 | AI96: 162.35 | AM96: 44334 | AN96: 126.56 | AO96: 124.85 | AS96: 44334 | AT96: 246.27 | AU96: 243.08 | AY96: 44334 | AZ96: 47.84 | BA96: 47.3 | BE96: 44334 | BF96: 54.39 | BG96: 54.34
C97: 44335 | D97: 77.21 | E97: 79.93 | I97: 44335 | J97: 13.57 | K97: 14.07 | O97: 44335 | P97: 12.03 | Q97: 12.11 | U97: 44335 | V97: 236.1 | W97: 236.87 | AA97: 44335 | AB97: 59.1 | AC97: 58.98 | AG97: 44335 | AH97: 161 | AI97: 161.11 | AM97: 44335 | AN97: 123.16 | AO97: 124.69 | AS97: 44335 | AT97: 239.31 | AU97: 243.12 | AV97: 0.56 Dividend | AY97: 44335 | AZ97: 46.9 | BA97: 47.31 | BE97: 44335 | BF97: 54.12 | BG97: 54.17
C98: 44336 | D98: 80.5 | E98: 81.13 | I98: 44336 | J98: 14.3 | K98: 14.61 | O98: 44336 | P98: 12.52 | Q98: 12.49 | U98: 44336 | V98: 237.48 | W98: 234.99 | AA98: 44336 | AB98: 58.95 | AC98: 58.84 | AG98: 44336 | AH98: 160.83 | AI98: 160.83 | AM98: 44336 | AN98: 125.23 | AO98: 127.31 | AS98: 44336 | AT98: 243.96 | AU98: 246.48 | AY98: 44336 | AZ98: 47.17 | BA98: 47.47 | BE98: 44336 | BF98: 54.12 | BG98: 54.65
C99: 44337 | D99: 81.77 | E99: 80.72 | I99: 44337 | J99: 15.16 | K99: 14.99 | O99: 44337 | P99: 12.7 | Q99: 13.33 | U99: 44337 | V99: 236.6 | W99: 237.24 | AA99: 44337 | AB99: 59.42 | AC99: 58.92 | AG99: 44337 | AH99: 161.34 | AI99: 162.66 | AM99: 44337 | AN99: 127.82 | AO99: 125.43 | AS99: 44337 | AT99: 247.57 | AU99: 245.17 | AY99: 44337 | AZ99: 47.51 | BA99: 47.25 | BE99: 44337 | BF99: 54.8 | BG99: 54.62
C100: 44340 | D100: 81.42 | E100: 82.9 | I100: 44340 | J100: 15.21 | K100: 15.61 | O100: 44340 | P100: 13.38 | Q100: 13.06 | U100: 44340 | V100: 237.69 | W100: 239.05 | AA100: 44340 | AB100: 59.08 | AC100: 59.61 | AG100: 44340 | AH100: 163.36 | AI100: 163.54 | AM100: 44340 | AN100: 126.01 | AO100: 127.1 | AS100: 44340 | AT100: 247.79 | AU100: 250.78 | AY100: 44340 | AZ100: 47.25 | BA100: 47.25 | BE100: 44340 | BF100: 54.63 | BG100: 54.8
...

Sheet Calculations
B2: Ticker | C2: Date | D2: Open | E2: Close | F2: Daily Return | G2: Overnight Return | H2: Daytime Return | I2: Night-day Difference | K2: Ticker | L2: Date | M2: Open | N2: Close | O2: Daily Return | P2: Overnight Return | Q2: Daytime Return | R2: Night-day Difference | T2: Ticker | U2: Date | V2: Open | W2: Close | X2: Daily Return | Y2: Overnight Return | Z2: Daytime Return | AA2: Night-day Difference | AC2: Ticker | AD2: Date | AE2: Open | AF2: Close | AG2: Daily Return | AH2: Overnight Return | AI2: Daytime Return | AJ2: Night-day Difference | AL2: Ticker | AM2: Date | AN2: Open | AO2: Close | AP2: Daily Return | AQ2: Overnight Return | AR2: Daytime Return | AS2: Night-day Difference | AU2: Ticker | AV2: Date | AW2: Open | AX2: Close | AY2: Daily Return | AZ2: Overnight Return | BA2: Daytime Return | BB2: Night-day Difference | BD2: Ticker | BE2: Date | BF2: Open | BG2: Close | BH2: Daily Return | BI2: Overnight Return | BJ2: Daytime Return | BK2: Night-day Difference | BM2: Ticker | BN2: Date | BO2: Open | BP2: Close | BQ2: Daily Return | BR2: Overnight Return | BS2: Daytime Return | BT2: Night-day Difference | BV2: Ticker | BW2: Date | BX2: Open | BY2: Close | BZ2: Daily Return | CA2: Overnight Return | CB2: Daytime Return | CC2: Night-day Difference | CE2: Ticker | CF2: Date | CG2: Open | CH2: Close | CI2: Daily Return | CJ2: Overnight Return | CK2: Daytime Return | CL2: Night-day Difference
B3: MU | C3: 44200 | D3: 76.48 | E3: 74.05 | F3: reference | G3: reference | H3: =E3/D3-1 -> -0.031773013 | I3: reference | K3: NVDA | L3: 44200 | M3: 13.1 | N3: 13.11 | O3: reference | P3: reference | Q3: =N3/M3-1 -> 0.00076335878 | R3: reference | T3: F | U3: 44200 | V3: 8.81 | W3: 8.52 | X3: reference | Y3: reference | Z3: =W3/V3-1 -> -0.03291714 | AA3: reference | AC3: CAT | AD3: 44200 | AE3: 183 | AF3: 182.15 | AG3: reference | AH3: reference | AI3: =AF3/AE3-1 -> -0.0046448087 | AJ3: reference | AL3: XOM | AM3: 44200 | AN3: 41.45 | AO3: 41.5 | AP3: reference | AQ3: reference | AR3: =AO3/AN3-1 -> 0.0012062726 | AS3: reference | AU3: JPM | AV3: 44200 | AW3: 127.5 | AX3: 125.87 | AY3: reference | AZ3: reference | BA3: =AX3/AW3-1 -> -0.012784314 | BB3: reference | BD3: AAPL | BE3: 44200 | BF3: 133.52 | BG3: 129.41 | BH3: reference | BI3: reference | BJ3: =BG3/BF3-1 -> -0.030781905 | BK3: reference | BM3: MSFT | BN3: 44200 | BO3: 222.53 | BP3: 217.69 | BQ3: reference | BR3: reference | BS3: =BP3/BO3-1 -> -0.021749876 | BT3: reference | BV3: WMT | BW3: 44200 | BX3: 48.1 | BY3: 48.84 | BZ3: reference | CA3: reference | CB3: =BY3/BX3-1 -> 0.015384615 | CC3: reference | CE3: KO | CF3: 44200 | CG3: 54.27 | CH3: 52.76 | CI3: reference | CJ3: reference | CK3: =CH3/CG3-1 -> -0.027823844 | CL3: reference
C4: 44201 | D4: 76.44 | E4: 77.26 | F4: =E4/E3-1 -> 0.043349088 | G4: =D4/E3-1 -> 0.03227549 | H4: =E4/D4-1 -> 0.010727368 | I4: =G4-H4 -> 0.021548122 | L4: 44201 | M4: 13.1 | N4: 13.4 | O4: =N4/N3-1 -> 0.022120519 | P4: =M4/N3-1 -> -0.00076277651 | Q4: =N4/M4-1 -> 0.022900763 | R4: =P4-Q4 -> -0.02366354 | U4: 44201 | V4: 8.47 | W4: 8.65 | X4: =W4/W3-1 -> 0.015258216 | Y4: =V4/W3-1 -> -0.0058685446 | Z4: =W4/V4-1 -> 0.021251476 | AA4: =Y4-Z4 -> -0.02712002 | AD4: 44201 | AE4: 181.21 | AF4: 183.64 | AG4: =AF4/AF3-1 -> 0.0081800714 | AH4: =AE4/AF3-1 -> -0.0051605819 | AI4: =AF4/AE4-1 -> 0.013409856 | AJ4: =AH4-AI4 -> -0.018570438 | AM4: 44201 | AN4: 41.84 | AO4: 43.5 | AP4: =AO4/AO3-1 -> 0.048192771 | AQ4: =AN4/AO3-1 -> 0.0081927711 | AR4: =AO4/AN4-1 -> 0.039674952 | AS4: =AQ4-AR4 -> -0.031482181 | AV4: 44201 | AW4: 124.99 | AX4: 125.65 | AY4: =AX4/AX3-1 -> -0.0017478351 | AZ4: =AW4/AX3-1 -> -0.0069913403 | BA4: =AX4/AW4-1 -> 0.0052804224 | BB4: =AZ4-BA4 -> -0.012271763 | BE4: 44201 | BF4: 128.89 | BG4: 131.01 | BH4: =BG4/BG3-1 -> 0.012363805 | BI4: =BF4/BG3-1 -> -0.0040182366 | BJ4: =BG4/BF4-1 -> 0.016448134 | BK4: =BI4-BJ4 -> -0.020466371 | BN4: 44201 | BO4: 217.26 | BP4: 217.9 | BQ4: =BP4/BP3-1 -> 0.00096467454 | BR4: =BO4/BP3-1 -> -0.001975286 | BS4: =BP4/BO4-1 -> 0.0029457793 | BT4: =BR4-BS4 -> -0.0049210652 | BW4: 44201 | BX4: 48.87 | BY4: 48.58 | BZ4: =BY4/BY3-1 -> -0.0053235053 | CA4: =BX4/BY3-1 -> 0.00061425061 | CB4: =BY4/BX4-1 -> -0.0059341109 | CC4: =CA4-CB4 -> 0.0065483615 | CF4: 44201 | CG4: 52.33 | CH4: 52.18 | CI4: =CH4/CH3-1 -> -0.010993177 | CJ4: =CG4/CH3-1 -> -0.0081501137 | CK4: =CH4/CG4-1 -> -0.0028664246 | CL4: =CJ4-CK4 -> -0.0052836891
C5: 44202 | D5: 76.36 | E5: 77.11 | F5: =E5/E4-1 -> -0.0019414962 | G5: =D5/E4-1 -> -0.011648977 | H5: =E5/D5-1 -> 0.0098218963 | I5: =G5-H5 -> -0.021470874 | L5: 44202 | M5: 13.22 | N5: 12.61 | O5: =N5/N4-1 -> -0.058955224 | P5: =M5/N4-1 -> -0.013432836 | Q5: =N5/M5-1 -> -0.046142209 | R5: =P5-Q5 -> 0.032709373 | U5: 44202 | V5: 8.79 | W5: 8.84 | X5: =W5/W4-1 -> 0.021965318 | Y5: =V5/W4-1 -> 0.016184971 | Z5: =W5/V5-1 -> 0.0056882821 | AA5: =Y5-Z5 -> 0.010496689 | AD5: 44202 | AE5: 187.15 | AF5: 193.86 | AG5: =AF5/AF4-1 -> 0.055652363 | AH5: =AE5/AF4-1 -> 0.019113483 | AI5: =AF5/AE5-1 -> 0.035853593 | AJ5: =AH5-AI5 -> -0.01674011 | AM5: 44202 | AN5: 44.41 | AO5: 44.61 | AP5: =AO5/AO4-1 -> 0.025517241 | AQ5: =AN5/AO4-1 -> 0.02091954 | AR5: =AO5/AN5-1 -> 0.0045034902 | AS5: =AQ5-AR5 -> 0.01641605 | AV5: 44202 | AW5: 129.88 | AX5: 131.55 | AY5: =AX5/AX4-1 -> 0.04695583 | AZ5: =AW5/AX4-1 -> 0.033664942 | BA5: =AX5/AW5-1 -> 0.012858023 | BB5: =AZ5-BA5 -> 0.02080692 | BE5: 44202 | BF5: 127.72 | BG5: 126.6 | BH5: =BG5/BG4-1 -> -0.033661553 | BI5: =BF5/BG4-1 -> -0.025112587 | BJ5: =BG5/BF5-1 -> -0.0087691826 | BK5: =BI5-BJ5 -> -0.016343404 | BN5: 44202 | BO5: 212.17 | BP5: 212.25 | BQ5: =BP5/BP4-1 -> -0.025929325 | BR5: =BO5/BP4-1 -> -0.026296466 | BS5: =BP5/BO5-1 -> 0.00037705613 | BT5: =BR5-BS5 -> -0.026673522 | BW5: 44202 | BX5: 48.36 | BY5: 48.89 | BZ5: =BY5/BY4-1 -> 0.0063812268 | CA5: =BX5/BY4-1 -> -0.0045286126 | CB5: =BY5/BX5-1 -> 0.010959471 | CC5: =CA5-CB5 -> -0.015488083 | CF5: 44202 | CG5: 51.97 | CH5: 50.52 | CI5: =CH5/CH4-1 -> -0.031812955 | CJ5: =CG5/CH4-1 -> -0.0040245305 | CK5: =CH5/CG5-1 -> -0.027900712 | CL5: =CJ5-CK5 -> 0.023876181
C6: 44203 | D6: 78.06 | E6: 79.11 | F6: =E6/E5-1 -> 0.025936973 | G6: =D6/E5-1 -> 0.012320062 | H6: =E6/D6-1 -> 0.013451191 | I6: =G6-H6 -> -0.0011311291 | L6: 44203 | M6: 12.97 | N6: 13.34 | O6: =N6/N5-1 -> 0.057890563 | P6: =M6/N5-1 -> 0.028548771 | Q6: =N6/M6-1 -> 0.028527371 | R6: =P6-Q6 -> 2.1399961e-05 | U6: 44203 | V6: 8.94 | W6: 9.06 | X6: =W6/W5-1 -> 0.024886878 | Y6: =V6/W5-1 -> 0.011312217 | Z6: =W6/V6-1 -> 0.013422819 | AA6: =Y6-Z6 -> -0.0021106016 | AD6: 44203 | AE6: 196.85 | AF6: 194.23 | AG6: =AF6/AF5-1 -> 0.0019085938 | AH6: =AE6/AF5-1 -> 0.015423501 | AI6: =AF6/AE6-1 -> -0.013309627 | AJ6: =AH6-AI6 -> 0.028733128 | AM6: 44203 | AN6: 45 | AO6: 44.96 | AP6: =AO6/AO5-1 -> 0.0078457745 | AQ6: =AN6/AO5-1 -> 0.0087424344 | AR6: =AO6/AN6-1 -> -0.00088888889 | AS6: =AQ6-AR6 -> 0.0096313233 | AV6: 44203 | AW6: 135.69 | AX6: 135.87 | AY6: =AX6/AX5-1 -> 0.032839225 | AZ6: =AW6/AX5-1 -> 0.031470924 | BA6: =AX6/AW6-1 -> 0.0013265532 | BB6: =AZ6-BA6 -> 0.03014437 | BE6: 44203 | BF6: 128.36 | BG6: 130.92 | BH6: =BG6/BG5-1 -> 0.034123223 | BI6: =BF6/BG5-1 -> 0.013902054 | BJ6: =BG6/BF6-1 -> 0.019943908 | BK6: =BI6-BJ6 -> -0.006041854 | BN6: 44203 | BO6: 214.04 | BP6: 218.29 | BQ6: =BP6/BP5-1 -> 0.028457008 | BR6: =BO6/BP5-1 -> 0.0084334511 | BS6: =BP6/BO6-1 -> 0.019856102 | BT6: =BR6-BS6 -> -0.011422651 | BW6: 44203 | BX6: 49.21 | BY6: 48.88 | BZ6: =BY6/BY5-1 -> -0.00020454081 | CA6: =BX6/BY5-1 -> 0.0065453058 | CB6: =BY6/BX6-1 -> -0.0067059541 | CC6: =CA6-CB6 -> 0.01325126 | CF6: 44203 | CG6: 50.09 | CH6: 49.96 | CI6: =CH6/CH5-1 -> -0.011084719 | CJ6: =CG6/CH5-1 -> -0.0085114806 | CK6: =CH6/CG6-1 -> -0.0025953284 | CL6: =CJ6-CK6 -> -0.0059161522
C7: 44204 | D7: 82.54 | E7: 77.42 | F7: =E7/E6-1 -> -0.02136266 | G7: =D7/E6-1 -> 0.043357351 | H7: =E7/D7-1 -> -0.062030531 | I7: =G7-H7 -> 0.10538788 | L7: 44204 | M7: 13.36 | N7: 13.28 | O7: =N7/N6-1 -> -0.0044977511 | P7: =M7/N6-1 -> 0.0014992504 | Q7: =N7/M7-1 -> -0.005988024 | R7: =P7-Q7 -> 0.0074872743 | U7: 44204 | V7: 9.1 | W7: 9 | X7: =W7/W6-1 -> -0.0066225166 | Y7: =V7/W6-1 -> 0.004415011 | Z7: =W7/V7-1 -> -0.010989011 | AA7: =Y7-Z7 -> 0.015404022 | AD7: 44204 | AE7: 193.85 | AF7: 194.26 | AG7: =AF7/AF6-1 -> 0.00015445606 | AH7: =AE7/AF6-1 -> -0.0019564434 | AI7: =AF7/AE7-1 -> 0.0021150374 | AJ7: =AH7-AI7 -> -0.0040714808 | AM7: 44204 | AN7: 45.2 | AO7: 45.46 | AP7: =AO7/AO6-1 -> 0.011120996 | AQ7: =AN7/AO6-1 -> 0.0053380783 | AR7: =AO7/AN7-1 -> 0.0057522124 | AS7: =AQ7-AR7 -> -0.0004141341 | AV7: 44204 | AW7: 135.97 | AX7: 136.02 | AY7: =AX7/AX6-1 -> 0.0011039965 | AZ7: =AW7/AX6-1 -> 0.00073599764 | BA7: =AX7/AW7-1 -> 0.00036772818 | BB7: =AZ7-BA7 -> 0.00036826947 | BE7: 44204 | BF7: 132.43 | BG7: 132.05 | BH7: =BG7/BG6-1 -> 0.0086312252 | BI7: =BF7/BG6-1 -> 0.011533761 | BJ7: =BG7/BF7-1 -> -0.0028694405 | BK7: =BI7-BJ7 -> 0.014403202 | BN7: 44204 | BO7: 218.68 | BP7: 219.62 | BQ7: =BP7/BP6-1 -> 0.0060928123 | BR7: =BO7/BP6-1 -> 0.0017866141 | BS7: =BP7/BO7-1 -> 0.0042985184 | BT7: =BR7-BS7 -> -0.0025119042 | BW7: 44204 | BX7: 48.96 | BY7: 48.88 | BZ7: =BY7/BY6-1 -> 0 | CA7: =BX7/BY6-1 -> 0.0016366612 | CB7: =BY7/BX7-1 -> -0.0016339869 | CC7: =CA7-CB7 -> 0.0032706481 | CF7: 44204 | CG7: 50.03 | CH7: 51.08 | CI7: =CH7/CH6-1 -> 0.022417934 | CJ7: =CG7/CH6-1 -> 0.0014011209 | CK7: =CH7/CG7-1 -> 0.020987408 | CL7: =CJ7-CK7 -> -0.019586287
C8: 44207 | D8: 76.59 | E8: 78.67 | F8: =E8/E7-1 -> 0.016145699 | G8: =D8/E7-1 -> -0.010720744 | H8: =E8/D8-1 -> 0.027157592 | I8: =G8-H8 -> -0.037878336 | L8: 44207 | M8: 13.42 | N8: 13.62 | O8: =N8/N7-1 -> 0.02560241 | P8: =M8/N7-1 -> 0.010542169 | Q8: =N8/M8-1 -> 0.01490313 | R8: =P8-Q8 -> -0.004360961 | U8: 44207 | V8: 8.87 | W8: 9.3 | X8: =W8/W7-1 -> 0.033333333 | Y8: =V8/W7-1 -> -0.014444444 | Z8: =W8/V8-1 -> 0.048478016 | AA8: =Y8-Z8 -> -0.06292246 | AD8: 44207 | AE8: 191.56 | AF8: 193.86 | AG8: =AF8/AF7-1 -> -0.0020590961 | AH8: =AE8/AF7-1 -> -0.013898898 | AI8: =AF8/AE8-1 -> 0.012006682 | AJ8: =AH8-AI8 -> -0.02590558 | AM8: 44207 | AN8: 45.04 | AO8: 46.84 | AP8: =AO8/AO7-1 -> 0.030356357 | AQ8: =AN8/AO7-1 -> -0.0092388913 | AR8: =AO8/AN8-1 -> 0.039964476 | AS8: =AQ8-AR8 -> -0.049203367 | AV8: 44207 | AW8: 134.58 | AX8: 138.05 | AY8: =AX8/AX7-1 -> 0.014924276 | AZ8: =AW8/AX7-1 -> -0.010586678 | BA8: =AX8/AW8-1 -> 0.02578392 | BB8: =AZ8-BA8 -> -0.036370599 | BE8: 44207 | BF8: 129.19 | BG8: 128.98 | BH8: =BG8/BG7-1 -> -0.023248769 | BI8: =BF8/BG7-1 -> -0.021658463 | BJ8: =BG8/BF8-1 -> -0.0016255128 | BK8: =BI8-BJ8 -> -0.02003295 | BN8: 44207 | BO8: 218.47 | BP8: 217.49 | BQ8: =BP8/BP7-1 -> -0.0096985703 | BR8: =BO8/BP7-1 -> -0.0052363173 | BS8: =BP8/BO8-1 -> -0.0044857417 | BT8: =BR8-BS8 -> -0.00075057553 | BW8: 44207 | BX8: 48.67 | BY8: 49.1 | BZ8: =BY8/BY7-1 -> 0.0045008183 | CA8: =BX8/BY7-1 -> -0.0042962357 | CB8: =BY8/BX8-1 -> 0.0088350113 | CC8: =CA8-CB8 -> -0.013131247 | CF8: 44207 | CG8: 50.62 | CH8: 50.2 | CI8: =CH8/CH7-1 -> -0.017227878 | CJ8: =CG8/CH7-1 -> -0.0090054816 | CK8: =CH8/CG8-1 -> -0.0082971158 | CL8: =CJ8-CK8 -> -0.00070836583
C9: 44208 | D9: 79.19 | E9: 79.46 | F9: =E9/E8-1 -> 0.010041947 | G9: =D9/E8-1 -> 0.0066098894 | H9: =E9/D9-1 -> 0.0034095214 | I9: =G9-H9 -> 0.003200368 | L9: 44208 | M9: 13.75 | N9: 13.48 | O9: =N9/N8-1 -> -0.010279001 | P9: =M9/N8-1 -> 0.0095447871 | Q9: =N9/M9-1 -> -0.019636364 | R9: =P9-Q9 -> 0.029181151 | U9: 44208 | V9: 9.3 | W9: 9.78 | X9: =W9/W8-1 -> 0.051612903 | Y9: =V9/W8-1 -> 0 | Z9: =W9/V9-1 -> 0.051612903 | AA9: =Y9-Z9 -> -0.051612903 | AD9: 44208 | AE9: 194.68 | AF9: 197.54 | AG9: =AF9/AF8-1 -> 0.018982771 | AH9: =AE9/AF8-1 -> 0.0042298566 | AI9: =AF9/AE9-1 -> 0.014690775 | AJ9: =AH9-AI9 -> -0.010460918 | AM9: 44208 | AN9: 47.46 | AO9: 47.88 | AP9: =AO9/AO8-1 -> 0.022203245 | AQ9: =AN9/AO8-1 -> 0.01323655 | AR9: =AO9/AN9-1 -> 0.0088495575 | AS9: =AQ9-AR9 -> 0.0043869924 | AV9: 44208 | AW9: 139.44 | AX9: 140.22 | AY9: =AX9/AX8-1 -> 0.015718942 | AZ9: =AW9/AX8-1 -> 0.010068816 | BA9: =AX9/AW9-1 -> 0.0055938038 | BB9: =AZ9-BA9 -> 0.0044750119 | BE9: 44208 | BF9: 128.5 | BG9: 128.8 | BH9: =BG9/BG8-1 -> -0.0013955652 | BI9: =BF9/BG8-1 -> -0.0037215072 | BJ9: =BG9/BF9-1 -> 0.0023346304 | BK9: =BI9-BJ9 -> -0.0060561376 | BN9: 44208 | BO9: 216.5 | BP9: 214.93 | BQ9: =BP9/BP8-1 -> -0.011770656 | BR9: =BO9/BP8-1 -> -0.0045519334 | BS9: =BP9/BO9-1 -> -0.0072517321 | BT9: =BR9-BS9 -> 0.0026997987 | BW9: 44208 | BX9: 49.67 | BY9: 49.66 | BZ9: =BY9/BY8-1 -> 0.011405295 | CA9: =BX9/BY8-1 -> 0.011608961 | CB9: =BY9/BX9-1 -> -0.00020132877 | CC9: =CA9-CB9 -> 0.01181029 | CF9: 44208 | CG9: 50.04 | CH9: 50.11 | CI9: =CH9/CH8-1 -> -0.0017928287 | CJ9: =CG9/CH8-1 -> -0.003187251 | CK9: =CH9/CG9-1 -> 0.0013988809 | CL9: =CJ9-CK9 -> -0.0045861319
C10: 44209 | D10: 78.95 | E10: 79.91 | F10: =E10/E9-1 -> 0.0056632268 | G10: =D10/E9-1 -> -0.0064183237 | H10: =E10/D10-1 -> 0.012159595 | I10: =G10-H10 -> -0.018577918 | L10: 44209 | M10: 13.49 | N10: 13.53 | O10: =N10/N9-1 -> 0.0037091988 | P10: =M10/N9-1 -> 0.00074183976 | Q10: =N10/M10-1 -> 0.0029651594 | R10: =P10-Q10 -> -0.0022233196 | U10: 44209 | V10: 9.91 | W10: 9.78 | X10: =W10/W9-1 -> 0 | Y10: =V10/W9-1 -> 0.013292434 | Z10: =W10/V10-1 -> -0.013118063 | AA10: =Y10-Z10 -> 0.026410496 | AD10: 44209 | AE10: 198.79 | AF10: 195.89 | AG10: =AF10/AF9-1 -> -0.0083527387 | AH10: =AE10/AF9-1 -> 0.0063278323 | AI10: =AF10/AE10-1 -> -0.014588259 | AJ10: =AH10-AI10 -> 0.020916091 | AM10: 44209 | AN10: 48.53 | AO10: 48.42 | AP10: =AO10/AO9-1 -> 0.011278195 | AQ10: =AN10/AO9-1 -> 0.013575606 | AR10: =AO10/AN10-1 -> -0.0022666392 | AS10: =AQ10-AR10 -> 0.015842245 | AV10: 44209 | AW10: 138.59 | AX10: 140.35 | AY10: =AX10/AX9-1 -> 0.00092711453 | AZ10: =AW10/AX9-1 -> -0.01162459 | BA10: =AX10/AW10-1 -> 0.012699329 | BB10: =AZ10-BA10 -> -0.024323919 | BE10: 44209 | BF10: 128.76 | BG10: 130.89 | BH10: =BG10/BG9-1 -> 0.016226708 | BI10: =BF10/BG9-1 -> -0.00031055901 | BJ10: =BG10/BF10-1 -> 0.016542404 | BK10: =BI10-BJ10 -> -0.016852963 | BN10: 44209 | BO10: 214.02 | BP10: 216.34 | BQ10: =BP10/BP9-1 -> 0.0065602754 | BR10: =BO10/BP9-1 -> -0.0042339366 | BS10: =BP10/BO10-1 -> 0.010840108 | BT10: =BR10-BS10 -> -0.015074045 | BW10: 44209 | BX10: 49.58 | BY10: 49.15 | BZ10: =BY10/BY9-1 -> -0.010269835 | CA10: =BX10/BY9-1 -> -0.0016109545 | CB10: =BY10/BX10-1 -> -0.008672852 | CC10: =CA10-CB10 -> 0.0070618975 | CF10: 44209 | CG10: 49.98 | CH10: 50.16 | CI10: =CH10/CH9-1 -> 0.00099780483 | CJ10: =CG10/CH9-1 -> -0.0025942926 | CK10: =CH10/CG10-1 -> 0.0036014406 | CL10: =CJ10-CK10 -> -0.0061957331
C11: 44210 | D11: 80.01 | E11: 81.3 | F11: =E11/E10-1 -> 0.017394569 | G11: =D11/E10-1 -> 0.0012514078 | H11: =E11/D11-1 -> 0.016122985 | I11: =G11-H11 -> -0.014871577 | L11: 44210 | M11: 13.57 | N11: 13.2 | O11: =N11/N10-1 -> -0.024390244 | P11: =M11/N10-1 -> 0.0029563932 | Q11: =N11/M11-1 -> -0.027266028 | R11: =P11-Q11 -> 0.030222421 | U11: 44210 | V11: 9.81 | W11: 10.17 | X11: =W11/W10-1 -> 0.039877301 | Y11: =V11/W10-1 -> 0.0030674847 | Z11: =W11/V11-1 -> 0.036697248 | AA11: =Y11-Z11 -> -0.033629763 | AD11: 44210 | AE11: 196.1 | AF11: 197.4 | AG11: =AF11/AF10-1 -> 0.0077084078 | AH11: =AE11/AF10-1 -> 0.0010720302 | AI11: =AF11/AE11-1 -> 0.0066292708 | AJ11: =AH11-AI11 -> -0.0055572406 | AM11: 44210 | AN11: 48.5 | AO11: 50.31 | AP11: =AO11/AO10-1 -> 0.039033457 | AQ11: =AN11/AO10-1 -> 0.0016522098 | AR11: =AO11/AN11-1 -> 0.037319588 | AS11: =AQ11-AR11 -> -0.035667378 | AV11: 44210 | AW11: 140.49 | AX11: 141.17 | AY11: =AX11/AX10-1 -> 0.0058425365 | AZ11: =AW11/AX10-1 -> 0.00099750623 | BA11: =AX11/AW11-1 -> 0.0048402021 | BB11: =AZ11-BA11 -> -0.0038426959 | BE11: 44210 | BF11: 130.8 | BG11: 128.91 | BH11: =BG11/BG10-1 -> -0.015127206 | BI11: =BF11/BG10-1 -> -0.00068760028 | BJ11: =BG11/BF11-1 -> -0.014449541 | BK11: =BI11-BJ11 -> 0.013761941 | BN11: 44210 | BO11: 215.91 | BP11: 213.02 | BQ11: =BP11/BP10-1 -> -0.015346214 | BR11: =BO11/BP10-1 -> -0.0019876121 | BS11: =BP11/BO11-1 -> -0.013385207 | BT11: =BR11-BS11 -> 0.011397595 | BW11: 44210 | BX11: 49.27 | BY11: 48.99 | BZ11: =BY11/BY10-1 -> -0.0032553408 | CA11: =BX11/BY10-1 -> 0.0024415056 | CB11: =BY11/BX11-1 -> -0.0056829714 | CC11: =CA11-CB11 -> 0.008124477 | CF11: 44210 | CG11: 50.16 | CH11: 49.23 | CI11: =CH11/CH10-1 -> -0.01854067 | CJ11: =CG11/CH10-1 -> 0 | CK11: =CH11/CG11-1 -> -0.01854067 | CL11: =CJ11-CK11 -> 0.01854067
C12: 44211 | D12: 80.92 | E12: 80.72 | F12: =E12/E11-1 -> -0.0071340713 | G12: =D12/E11-1 -> -0.0046740467 | H12: =E12/D12-1 -> -0.0024715769 | I12: =G12-H12 -> -0.0022024699 | L12: 44211 | M12: 13.23 | N12: 12.86 | O12: =N12/N11-1 -> -0.025757576 | P12: =M12/N11-1 -> 0.0022727273 | Q12: =N12/M12-1 -> -0.027966742 | R12: =P12-Q12 -> 0.03023947 | U12: 44211 | V12: 10.04 | W12: 9.83 | X12: =W12/W11-1 -> -0.033431662 | Y12: =V12/W11-1 -> -0.012782694 | Z12: =W12/V12-1 -> -0.020916335 | AA12: =Y12-Z12 -> 0.0081336405 | AD12: 44211 | AE12: 195.66 | AF12: 194.62 | AG12: =AF12/AF11-1 -> -0.01408308 | AH12: =AE12/AF11-1 -> -0.0088145897 | AI12: =AF12/AE12-1 -> -0.0053153429 | AJ12: =AH12-AI12 -> -0.0034992467 | AM12: 44211 | AN12: 48.91 | AO12: 47.89 | AP12: =AO12/AO11-1 -> -0.048101769 | AQ12: =AN12/AO11-1 -> -0.02782747 | AR12: =AO12/AN12-1 -> -0.020854631 | AS12: =AQ12-AR12 -> -0.0069728387 | AV12: 44211 | AW12: 137.43 | AX12: 138.64 | AY12: =AX12/AX11-1 -> -0.017921655 | AZ12: =AW12/AX11-1 -> -0.026492881 | BA12: =AX12/AW12-1 -> 0.0088044823 | BB12: =AZ12-BA12 -> -0.035297363 | BE12: 44211 | BF12: 128.78 | BG12: 127.14 | BH12: =BG12/BG11-1 -> -0.01373051 | BI12: =BF12/BG11-1 -> -0.0010084555 | BJ12: =BG12/BF12-1 -> -0.012734897 | BK12: =BI12-BJ12 -> 0.011726441 | BN12: 44211 | BO12: 213.52 | BP12: 212.65 | BQ12: =BP12/BP11-1 -> -0.0017369261 | BR12: =BO12/BP11-1 -> 0.0023471974 | BS12: =BP12/BO12-1 -> -0.0040745598 | BT12: =BR12-BS12 -> 0.0064217572 | BW12: 44211 | BX12: 48.38 | BY12: 48.21 | BZ12: =BY12/BY11-1 -> -0.015921617 | CA12: =BX12/BY11-1 -> -0.012451521 | CB12: =BY12/BX12-1 -> -0.0035138487 | CC12: =CA12-CB12 -> -0.008937672 | CF12: 44211 | CG12: 49.16 | CH12: 48.7 | CI12: =CH12/CH11-1 -> -0.010765793 | CJ12: =CG12/CH11-1 -> -0.0014218972 | CK12: =CH12/CG12-1 -> -0.009357201 | CL12: =CJ12-CK12 -> 0.0079353038
C13: 44215 | D13: 81.28 | E13: 85.5 | F13: =E13/E12-1 -> 0.059217047 | G13: =D13/E12-1 -> 0.0069375619 | H13: =E13/D13-1 -> 0.051919291 | I13: =G13-H13 -> -0.044981729 | L13: 44215 | M13: 13.02 | N13: 13.03 | O13: =N13/N12-1 -> 0.013219285 | P13: =M13/N12-1 -> 0.01244168 | Q13: =N13/M13-1 -> 0.00076804916 | R13: =P13-Q13 -> 0.01167363 | U13: 44215 | V13: 10.06 | W13: 10.02 | X13: =W13/W12-1 -> 0.019328586 | Y13: =V13/W12-1 -> 0.023397762 | Z13: =W13/V13-1 -> -0.0039761431 | AA13: =Y13-Z13 -> 0.027373905 | AD13: 44215 | AE13: 194.29 | AF13: 194.06 | AG13: =AF13/AF12-1 -> -0.0028774021 | AH13: =AE13/AF12-1 -> -0.001695612 | AI13: =AF13/AE13-1 -> -0.0011837974 | AJ13: =AH13-AI13 -> -0.00051181455 | AM13: 44215 | AN13: 48.45 | AO13: 48.84 | AP13: =AO13/AO12-1 -> 0.019837127 | AQ13: =AN13/AO12-1 -> 0.011693464 | AR13: =AO13/AN13-1 -> 0.0080495356 | AS13: =AQ13-AR13 -> 0.0036439286 | AV13: 44215 | AW13: 139.86 | AX13: 138.04 | AY13: =AX13/AX12-1 -> -0.0043277553 | AZ13: =AW13/AX12-1 -> 0.0087997692 | BA13: =AX13/AW13-1 -> -0.013013013 | BB13: =AZ13-BA13 -> 0.021812782 | BE13: 44215 | BF13: 127.78 | BG13: 127.83 | BH13: =BG13/BG12-1 -> 0.0054270882 | BI13: =BF13/BG12-1 -> 0.005033821 | BJ13: =BG13/BF13-1 -> 0.00039129754 | BK13: =BI13-BJ13 -> 0.0046425234 | BN13: 44215 | BO13: 213.75 | BP13: 216.44 | BQ13: =BP13/BP12-1 -> 0.017822713 | BR13: =BO13/BP12-1 -> 0.0051728192 | BS13: =BP13/BO13-1 -> 0.012584795 | BT13: =BR13-BS13 -> -0.0074119761 | BW13: 44215 | BX13: 48.21 | BY13: 47.8 | BZ13: =BY13/BY12-1 -> -0.0085044597 | CA13: =BX13/BY12-1 -> 0 | CB13: =BY13/BX13-1 -> -0.0085044597 | CC13: =CA13-CB13 -> 0.0085044597 | CF13: 44215 | CG13: 48.74 | CH13: 48.51 | CI13: =CH13/CH12-1 -> -0.0039014374 | CJ13: =CG13/CH12-1 -> 0.00082135524 | CK13: =CH13/CG13-1 -> -0.0047189167 | CL13: =CJ13-CK13 -> 0.0055402719
C14: 44216 | D14: 85.93 | E14: 83.5 | F14: =E14/E13-1 -> -0.023391813 | G14: =D14/E13-1 -> 0.0050292398 | H14: =E14/D14-1 -> -0.028278832 | I14: =G14-H14 -> 0.033308071 | L14: 44216 | M14: 13.11 | N14: 13.37 | O14: =N14/N13-1 -> 0.02609363 | P14: =M14/N13-1 -> 0.0061396777 | Q14: =N14/M14-1 -> 0.019832189 | R14: =P14-Q14 -> -0.013692512 | U14: 44216 | V14: 10.23 | W14: 10.86 | X14: =W14/W13-1 -> 0.083832335 | Y14: =V14/W13-1 -> 0.020958084 | Z14: =W14/V14-1 -> 0.061583578 | AA14: =Y14-Z14 -> -0.040625494 | AD14: 44216 | AE14: 192.66 | AF14: 192.34 | AG14: =AF14/AF13-1 -> -0.0088632382 | AH14: =AE14/AF13-1 -> -0.0072142636 | AI14: =AF14/AE14-1 -> -0.0016609571 | AJ14: =AH14-AI14 -> -0.0055533065 | AM14: 44216 | AN14: 49.11 | AO14: 49.53 | AP14: =AO14/AO13-1 -> 0.014127764 | AQ14: =AN14/AO13-1 -> 0.0055282555 | AR14: =AO14/AN14-1 -> 0.0085522297 | AS14: =AQ14-AR14 -> -0.0030239742 | AV14: 44216 | AW14: 137.82 | AX14: 135.97 | AY14: =AX14/AX13-1 -> -0.014995653 | AZ14: =AW14/AX13-1 -> -0.0015937409 | BA14: =AX14/AW14-1 -> -0.013423306 | BB14: =AZ14-BA14 -> 0.011829565 | BE14: 44216 | BF14: 128.66 | BG14: 132.03 | BH14: =BG14/BG13-1 -> 0.032856137 | BI14: =BF14/BG13-1 -> 0.0064929985 | BJ14: =BG14/BF14-1 -> 0.026193067 | BK14: =BI14-BJ14 -> -0.019700068 | BN14: 44216 | BO14: 217.7 | BP14: 224.34 | BQ14: =BP14/BP13-1 -> 0.036499723 | BR14: =BO14/BP13-1 -> 0.0058214748 | BS14: =BP14/BO14-1 -> 0.030500689 | BT14: =BR14-BS14 -> -0.024679214 | BW14: 44216 | BX14: 47.86 | BY14: 48.5 | BZ14: =BY14/BY13-1 -> 0.014644351 | CA14: =BX14/BY13-1 -> 0.0012552301 | CB14: =BY14/BX14-1 -> 0.013372336 | CC14: =CA14-CB14 -> -0.012117106 | CF14: 44216 | CG14: 48.54 | CH14: 48.68 | CI14: =CH14/CH13-1 -> 0.0035044321 | CJ14: =CG14/CH13-1 -> 0.00061842919 | CK14: =CH14/CG14-1 -> 0.0028842192 | CL14: =CJ14-CK14 -> -0.00226579
C15: 44217 | D15: 84 | E15: 85.01 | F15: =E15/E14-1 -> 0.018083832 | G15: =D15/E14-1 -> 0.005988024 | H15: =E15/D15-1 -> 0.01202381 | I15: =G15-H15 -> -0.0060357856 | L15: 44217 | M15: 13.42 | N15: 13.87 | O15: =N15/N14-1 -> 0.037397158 | P15: =M15/N14-1 -> 0.0037397158 | Q15: =N15/M15-1 -> 0.033532042 | R15: =P15-Q15 -> -0.029792326 | U15: 44217 | V15: 11.28 | W15: 11.53 | X15: =W15/W14-1 -> 0.061694291 | Y15: =V15/W14-1 -> 0.038674033 | Z15: =W15/V15-1 -> 0.022163121 | AA15: =Y15-Z15 -> 0.016510913 | AD15: 44217 | AE15: 192.35 | AF15: 192.19 | AG15: =AF15/AF14-1 -> -0.00077986898 | AH15: =AE15/AF14-1 -> 5.1991265e-05 | AI15: =AF15/AE15-1 -> -0.000831817 | AJ15: =AH15-AI15 -> 0.00088380827 | AM15: 44217 | AN15: 49.33 | AO15: 48.11 | AP15: =AO15/AO14-1 -> -0.028669493 | AQ15: =AN15/AO14-1 -> -0.0040379568 | AR15: =AO15/AN15-1 -> -0.024731401 | AS15: =AQ15-AR15 -> 0.020693444 | AV15: 44217 | AW15: 135.69 | AX15: 134.83 | AY15: =AX15/AX14-1 -> -0.0083842024 | AZ15: =AW15/AX14-1 -> -0.0020592778 | BA15: =AX15/AW15-1 -> -0.0063379763 | BB15: =AZ15-BA15 -> 0.0042786985 | BE15: 44217 | BF15: 133.8 | BG15: 136.87 | BH15: =BG15/BG14-1 -> 0.036658335 | BI15: =BF15/BG14-1 -> 0.013406044 | BJ15: =BG15/BF15-1 -> 0.022944694 | BK15: =BI15-BJ15 -> -0.0095386495 | BN15: 44217 | BO15: 224.7 | BP15: 224.97 | BQ15: =BP15/BP14-1 -> 0.0028082375 | BR15: =BO15/BP14-1 -> 0.0016047071 | BS15: =BP15/BO15-1 -> 0.0012016021 | BT15: =BR15-BS15 -> 0.000403105 | BW15: 44217 | BX15: 48.45 | BY15: 48.28 | BZ15: =BY15/BY14-1 -> -0.0045360825 | CA15: =BX15/BY14-1 -> -0.0010309278 | CB15: =BY15/BX15-1 -> -0.0035087719 | CC15: =CA15-CB15 -> 0.0024778441 | CF15: 44217 | CG15: 48.78 | CH15: 48.95 | CI15: =CH15/CH14-1 -> 0.0055464256 | CJ15: =CG15/CH14-1 -> 0.0020542317 | CK15: =CH15/CG15-1 -> 0.0034850349 | CL15: =CJ15-CK15 -> -0.0014308031
... C1257: 46022 | D1257: 293.17 | E1257: 285.41 | F1257: =E1257/E1256-1 -> -0.024672795 | G1257: =D1257/E1256-1 -> 0.0018453337 | H1257: =E1257/D1257-1 -> -0.026469284 | I1257: =G1257-H1257 -> 0.028314618 | L1257: 46022 | M1257: 189.57 | N1257: 186.5 | O1257: =N1257/N1256-1 -> -0.0055454836 | P1257: =M1257/N1256-1 -> 0.010824357 | Q1257: =N1257/M1257-1 -> -0.016194546 | R1257: =P1257-Q1257 -> 0.027018903 | U1257: 46022 | V1257: 13.21 | W1257: 13.12 | X1257: =W1257/W1256-1 -> -0.0083144369 | Y1257: =V1257/W1256-1 -> -0.0015117158 | Z1257: =W1257/V1257-1 -> -0.0068130204 | AA1257: =Y1257-Z1257 -> 0.0053013046 | AD1257: 46022 | AE1257: 577.3 | AF1257: 572.87 | AG1257: =AF1257/AF1256-1 -> -0.0078283309 | AH1257: =AE1257/AF1256-1 -> -0.00015587385 | AI1257: =AF1257/AE1257-1 -> -0.0076736532 | AJ1257: =AH1257-AI1257 -> 0.0075177794 | AM1257: 46022 | AN1257: 121.18 | AO1257: 120.34 | AP1257: =AO1257/AO1256-1 -> -0.0053723448 | AQ1257: =AN1257/AO1256-1 -> 0.0015703777 | AR1257: =AO1257/AN1257-1 -> -0.0069318369 | AS1257: =AQ1257-AR1257 -> 0.0085022147 | AV1257: 46022 | AW1257: 324.34 | AX1257: 322.22 | AY1257: =AX1257/AX1256-1 -> -0.0037103457 | AZ1257: =AW1257/AX1256-1 -> 0.0028445984 | BA1257: =AX1257/AW1257-1 -> -0.0065363507 | BB1257: =AZ1257-BA1257 -> 0.0093809491 | BE1257: 46022 | BF1257: 273.06 | BG1257: 271.86 | BH1257: =BG1257/BG1256-1 -> -0.0044675553 | BI1257: =BF1257/BG1256-1 -> -7.3238611e-05 | BJ1257: =BG1257/BF1257-1 -> -0.0043946385 | BK1257: =BI1257-BJ1257 -> 0.0043213999 | BN1257: 46022 | BO1257: 487.84 | BP1257: 483.62 | BQ1257: =BP1257/BP1256-1 -> -0.0079182736 | BR1257: =BO1257/BP1256-1 -> 0.00073849184 | BS1257: =BP1257/BO1257-1 -> -0.0086503772 | BT1257: =BR1257-BS1257 -> 0.009388869 | BW1257: 46022 | BX1257: 111.73 | BY1257: 111.41 | BZ1257: =BY1257/BY1256-1 -> -0.0045568263 | CA1257: =BX1257/BY1256-1 -> -0.0016976412 | CB1257: =BY1257/BX1257-1 -> -0.0028640473 | CC1257: =CA1257-CB1257 -> 0.0011664061 | CF1257: 46022 | CG1257: 70.07 | CH1257: 69.91 | CI1257: =CH1257/CH1256-1 -> -0.0022834309 | CJ1257: =CG1257/CH1256-1 -> 0 | CK1257: =CH1257/CG1257-1 -> -0.0022834309 | CL1257: =CJ1257-CK1257 -> 0.0022834309

Sheet Raw Data Adj Closes
B2: Ticker | C2: Date | D2: Adj Close | F2: Ticker | G2: Date | H2: Adj Close | J2: Ticker | K2: Date | L2: Adj Close | N2: Ticker | O2: Date | P2: Adj Close | R2: Ticker | S2: Date | T2: Adj Close | V2: Ticker | W2: Date | X2: Adj Close | Z2: Ticker | AA2: Date | AB2: Adj Close | AD2: Ticker | AE2: Date | AF2: Adj Close | AH2: Ticker | AI2: Date | AJ2: Adj Close | AL2: Ticker | AM2: Date | AN2: Adj Close | AP2: Ticker | AQ2: Date | AR2: Adj Close
B3: SPY | C3: 44200 | D3: 3700.65 | F3: MU | G3: 44200 | H3: 72.21 | J3: NVDA | K3: 44200 | L3: 13.06 | N3: F | O3: 44200 | P3: 6.25 | R3: CAT | S3: 44200 | T3: 164.62 | V3: XOM | W3: 44200 | X3: 33.25 | Z3: JPM | AA3: 44200 | AB3: 109 | AD3: AAPL | AE3: 44200 | AF3: 125.63 | AH3: MSFT | AI3: 44200 | AJ3: 207.57 | AL3: WMT | AM3: 44200 | AN3: 45.35 | AP3: KO | AQ3: 44200 | AR3: 44.79
C4: 44201 | D4: 3726.86 | G4: 44201 | H4: 75.34 | K4: 44201 | L4: 13.35 | O4: 44201 | P4: 6.34 | S4: 44201 | T4: 165.97 | W4: 44201 | X4: 34.85 | AA4: 44201 | AB4: 109.59 | AE4: 44201 | AF4: 127.19 | AI4: 44201 | AJ4: 207.77 | AM4: 44201 | AN4: 45.1 | AQ4: 44201 | AR4: 44.3
C5: 44202 | D5: 3748.14 | G5: 44202 | H5: 75.19 | K5: 44202 | L5: 12.56 | O5: 44202 | P5: 6.48 | S5: 44202 | T5: 175.21 | W5: 44202 | X5: 35.74 | AA5: 44202 | AB5: 114.74 | AE5: 44202 | AF5: 122.9 | AI5: 44202 | AJ5: 202.38 | AM5: 44202 | AN5: 45.39 | AQ5: 44202 | AR5: 42.89
C6: 44203 | D6: 3803.79 | G6: 44203 | H6: 77.14 | K6: 44203 | L6: 13.29 | O6: 44203 | P6: 6.64 | S6: 44203 | T6: 175.54 | W6: 44203 | X6: 36.02 | AA6: 44203 | AB6: 118.51 | AE6: 44203 | AF6: 127.1 | AI6: 44203 | AJ6: 208.14 | AM6: 44203 | AN6: 45.38 | AQ6: 44203 | AR6: 42.42
C7: 44204 | D7: 3824.68 | G7: 44204 | H7: 75.5 | K7: 44204 | L7: 13.22 | O7: 44204 | P7: 6.6 | S7: 44204 | T7: 175.57 | W7: 44204 | X7: 36.42 | AA7: 44204 | AB7: 118.64 | AE7: 44204 | AF7: 128.2 | AI7: 44204 | AJ7: 209.41 | AM7: 44204 | AN7: 45.38 | AQ7: 44204 | AR7: 43.37
C8: 44207 | D8: 3799.61 | G8: 44207 | H8: 76.71 | K8: 44207 | L8: 13.57 | O8: 44207 | P8: 6.82 | S8: 44207 | T8: 175.21 | W8: 44207 | X8: 37.53 | AA8: 44207 | AB8: 120.41 | AE8: 44207 | AF8: 125.22 | AI8: 44207 | AJ8: 207.37 | AM8: 44207 | AN8: 45.58 | AQ8: 44207 | AR8: 42.62
C9: 44208 | D9: 3801.19 | G9: 44208 | H9: 77.48 | K9: 44208 | L9: 13.43 | O9: 44208 | P9: 7.17 | S9: 44208 | T9: 178.53 | W9: 44208 | X9: 38.36 | AA9: 44208 | AB9: 122.3 | AE9: 44208 | AF9: 125.04 | AI9: 44208 | AJ9: 204.93 | AM9: 44208 | AN9: 46.1 | AQ9: 44208 | AR9: 42.54
C10: 44209 | D10: 3809.84 | G10: 44209 | H10: 77.92 | K10: 44209 | L10: 13.48 | O10: 44209 | P10: 7.17 | S10: 44209 | T10: 177.04 | W10: 44209 | X10: 38.8 | AA10: 44209 | AB10: 122.42 | AE10: 44209 | AF10: 127.07 | AI10: 44209 | AJ10: 206.28 | AM10: 44209 | AN10: 45.63 | AQ10: 44209 | AR10: 42.59
C11: 44210 | D11: 3795.54 | G11: 44210 | H11: 79.28 | K11: 44210 | L11: 13.15 | O11: 44210 | P11: 7.46 | S11: 44210 | T11: 178.41 | W11: 44210 | X11: 40.31 | AA11: 44210 | AB11: 123.13 | AE11: 44210 | AF11: 125.15 | AI11: 44210 | AJ11: 203.11 | AM11: 44210 | AN11: 45.48 | AQ11: 44210 | AR11: 41.8
C12: 44211 | D12: 3768.25 | G12: 44211 | H12: 78.71 | K12: 44211 | L12: 12.81 | O12: 44211 | P12: 7.21 | S12: 44211 | T12: 175.89 | W12: 44211 | X12: 38.37 | AA12: 44211 | AB12: 120.92 | AE12: 44211 | AF12: 123.43 | AI12: 44211 | AJ12: 202.76 | AM12: 44211 | AN12: 44.76 | AQ12: 44211 | AR12: 41.35
C13: 44215 | D13: 3798.91 | G13: 44215 | H13: 83.37 | K13: 44215 | L13: 12.97 | O13: 44215 | P13: 7.35 | S13: 44215 | T13: 176.32 | W13: 44215 | X13: 39.13 | AA13: 44215 | AB13: 120.4 | AE13: 44215 | AF13: 124.1 | AI13: 44215 | AJ13: 206.37 | AM13: 44215 | AN13: 44.37 | AQ13: 44215 | AR13: 41.18
C14: 44216 | D14: 3851.85 | G14: 44216 | H14: 81.42 | K14: 44216 | L14: 13.31 | O14: 44216 | P14: 7.96 | S14: 44216 | T14: 174.76 | W14: 44216 | X14: 39.69 | AA14: 44216 | AB14: 118.59 | AE14: 44216 | AF14: 128.18 | AI14: 44216 | AJ14: 213.91 | AM14: 44216 | AN14: 45.03 | AQ14: 44216 | AR14: 41.33
C15: 44217 | D15: 3853.07 | G15: 44217 | H15: 82.9 | K15: 44217 | L15: 13.81 | O15: 44217 | P15: 8.46 | S15: 44217 | T15: 174.62 | W15: 44217 | X15: 38.55 | AA15: 44217 | AB15: 117.6 | AE15: 44217 | AF15: 132.87 | AI15: 44217 | AJ15: 214.51 | AM15: 44217 | AN15: 44.83 | AQ15: 44217 | AR15: 41.56
... C1257: 46022 | D1257: 6845.5 | G1257: 46022 | H1257: 285.25 | K1257: 46022 | L1257: 186.27 | O1257: 46022 | P1257: 13.21 | S1257: 46022 | T1257: 577.3 | W1257: 46022 | X1257: 121.18 | AA1257: 46022 | AB1257: 324.34 | AE1257: 46022 | AF1257: 273.06 | AI1257: 46022 | AJ1257: 487.84 | AM1257: 46022 | AN1257: 111.73 | AQ1257: 46022 | AR1257: 70.07

Sheet Beta
C2: Beta Table
C3: Ticker | D3: Beta
C4: MU | D4: =K17 -> 1.773365
C5: NVDA | D5: =Q17 -> 2.1650239
C6: F | D6: =W17 -> 1.233301
C7: CAT | D7: =AC17 -> 0.98036315
C8: XOM | D8: =AI17 -> 0.54113944
C9: JPM | D9: =AO17 -> 0.89403394
C10: AAPL | D10: =AU17 -> 1.2444355
C11: MSFT | D11: =BA17 -> 1.1544142
C12: WMT | D12: =BG17 -> 0.45703754
C13: KO | D13: =BM17 -> 0.32188486
B16: Ticker | C16: Date | D16: Adj Close | E16: Daily Return | G16: Ticker | H16: Date | I16: Adj Close | J16: Daily Return | K16: Beta | M16: Ticker | N16: Date | O16: Adj Close | P16: Daily Return | Q16: Beta | S16: Ticker | T16: Date | U16: Adj Close | V16: Daily Return | W16: Beta | Y16: Ticker | Z16: Date | AA16: Adj Close | AB16: Daily Return | AC16: Beta | AE16: Ticker | AF16: Date | AG16: Adj Close | AH16: Daily Return | AI16: Beta | AK16: Ticker | AL16: Date | AM16: Adj Close | AN16: Daily Return | AO16: Beta | AQ16: Ticker | AR16: Date | AS16: Adj Close | AT16: Daily Return | AU16: Beta | AW16: Ticker | AX16: Date | AY16: Adj Close | AZ16: Daily Return | BA16: Beta | BC16: Ticker | BD16: Date | BE16: Adj Close | BF16: Daily Return | BG16: Beta | BI16: Ticker | BJ16: Date | BK16: Adj Close | BL16: Daily Return | BM16: Beta
B17: SPY | C17: 44200 | D17: 3700.65 | E17: reference | G17: MU | H17: 44200 | I17: 72.21 | J17: reference | K17: =SLOPE(J18:J1271,E18:E1271) -> 1.773365 | M17: NVDA | N17: 44200 | O17: 13.06 | P17: reference | Q17: =SLOPE(P18:P1271,E18:E1271) -> 2.1650239 | S17: F | T17: 44200 | U17: 6.25 | V17: reference | W17: =SLOPE(V18:V1271,E18:E1271) -> 1.233301 | Y17: CAT | Z17: 44200 | AA17: 164.62 | AB17: reference | AC17: =SLOPE(AB18:AB1271,E18:E1271) -> 0.98036315 | AE17: XOM | AF17: 44200 | AG17: 33.25 | AH17: reference | AI17: =SLOPE(AH18:AH1271,E18:E1271) -> 0.54113944 | AK17: JPM | AL17: 44200 | AM17: 109 | AN17: reference | AO17: =SLOPE(AN18:AN1271,E18:E1271) -> 0.89403394 | AQ17: AAPL | AR17: 44200 | AS17: 125.63 | AT17: reference | AU17: =SLOPE(AT18:AT1271,E18:E1271) -> 1.2444355 | AW17: MSFT | AX17: 44200 | AY17: 207.57 | AZ17: reference | BA17: =SLOPE(AZ18:AZ1271,E18:E1271) -> 1.1544142 | BC17: WMT | BD17: 44200 | BE17: 45.35 | BF17: reference | BG17: =SLOPE(BF18:BF1271,E18:E1271) -> 0.45703754 | BI17: KO | BJ17: 44200 | BK17: 44.79 | BL17: reference | BM17: =SLOPE(BL18:BL1271,E18:E1271) -> 0.32188486
C18: 44201 | D18: 3726.86 | E18: =D18/D17-1 -> 0.0070825396 | H18: 44201 | I18: 75.34 | J18: =I18/I17-1 -> 0.043345797 | K18: Check | N18: 44201 | O18: 13.35 | P18: =O18/O17-1 -> 0.022205207 | Q18: Check | T18: 44201 | U18: 6.34 | V18: =U18/U17-1 -> 0.0144 | W18: Check | Z18: 44201 | AA18: 165.97 | AB18: =AA18/AA17-1 -> 0.0082007047 | AC18: Check | AF18: 44201 | AG18: 34.85 | AH18: =AG18/AG17-1 -> 0.048120301 | AI18: Check | AL18: 44201 | AM18: 109.59 | AN18: =AM18/AM17-1 -> 0.005412844 | AO18: Check | AR18: 44201 | AS18: 127.19 | AT18: =AS18/AS17-1 -> 0.012417416 | AU18: Check | AX18: 44201 | AY18: 207.77 | AZ18: =AY18/AY17-1 -> 0.00096353038 | BA18: Check | BD18: 44201 | BE18: 45.1 | BF18: =BE18/BE17-1 -> -0.0055126792 | BG18: Check | BJ18: 44201 | BK18: 44.3 | BL18: =BK18/BK17-1 -> -0.010939942 | BM18: Check
C19: 44202 | D19: 3748.14 | E19: =D19/D18-1 -> 0.0057099006 | H19: 44202 | I19: 75.19 | J19: =I19/I18-1 -> -0.0019909743 | K19: =_xlfn.COVARIANCE.S(J18:J1271,E18:E1271)/_xlfn.VAR.S(E18:E1271) -> 1.773365 | N19: 44202 | O19: 12.56 | P19: =O19/O18-1 -> -0.05917603 | Q19: =_xlfn.COVARIANCE.S(P18:P1271,E18:E1271)/_xlfn.VAR.S(E18:E1271) -> 2.1650239 | T19: 44202 | U19: 6.48 | V19: =U19/U18-1 -> 0.022082019 | W19: =_xlfn.COVARIANCE.S(V18:V1271,E18:E1271)/_xlfn.VAR.S(E18:E1271) -> 1.233301 | Z19: 44202 | AA19: 175.21 | AB19: =AA19/AA18-1 -> 0.055672712 | AC19: =_xlfn.COVARIANCE.S(AB18:AB1271,E18:E1271)/_xlfn.VAR.S(E18:E1271) -> 0.98036315 | AF19: 44202 | AG19: 35.74 | AH19: =AG19/AG18-1 -> 0.02553802 | AI19: =_xlfn.COVARIANCE.S(AH18:AH1271,E18:E1271)/_xlfn.VAR.S(E18:E1271) -> 0.54113944 | AL19: 44202 | AM19: 114.74 | AN19: =AM19/AM18-1 -> 0.046993339 | AO19: =_xlfn.COVARIANCE.S(AN18:AN1271,E18:E1271)/_xlfn.VAR.S(E18:E1271) -> 0.89403394 | AR19: 44202 | AS19: 122.9 | AT19: =AS19/AS18-1 -> -0.033729067 | AU19: =_xlfn.COVARIANCE.S(AT18:AT1271,E18:E1271)/_xlfn.VAR.S(E18:E1271) -> 1.2444355 | AX19: 44202 | AY19: 202.38 | AZ19: =AY19/AY18-1 -> -0.025942148 | BA19: =_xlfn.COVARIANCE.S(AZ18:AZ1271,E18:E1271)/_xlfn.VAR.S(E18:E1271) -> 1.1544142 | BD19: 44202 | BE19: 45.39 | BF19: =BE19/BE18-1 -> 0.0064301552 | BG19: =_xlfn.COVARIANCE.S(BF18:BF1271,E18:E1271)/_xlfn.VAR.S(E18:E1271) -> 0.45703754 | BJ19: 44202 | BK19: 42.89 | BL19: =BK19/BK18-1 -> -0.031828442 | BM19: =_xlfn.COVARIANCE.S(BL18:BL1271,E18:E1271)/_xlfn.VAR.S(E18:E1271) -> 0.32188486
C20: 44203 | D20: 3803.79 | E20: =D20/D19-1 -> 0.014847364 | H20: 44203 | I20: 77.14 | J20: =I20/I19-1 -> 0.0259343 | N20: 44203 | O20: 13.29 | P20: =O20/O19-1 -> 0.058121019 | T20: 44203 | U20: 6.64 | V20: =U20/U19-1 -> 0.024691358 | Z20: 44203 | AA20: 175.54 | AB20: =AA20/AA19-1 -> 0.0018834541 | AF20: 44203 | AG20: 36.02 | AH20: =AG20/AG19-1 -> 0.0078343593 | AL20: 44203 | AM20: 118.51 | AN20: =AM20/AM19-1 -> 0.032856894 | AR20: 44203 | AS20: 127.1 | AT20: =AS20/AS19-1 -> 0.034174125 | AX20: 44203 | AY20: 208.14 | AZ20: =AY20/AY19-1 -> 0.02846131 | BD20: 44203 | BE20: 45.38 | BF20: =BE20/BE19-1 -> -0.00022031284 | BJ20: 44203 | BK20: 42.42 | BL20: =BK20/BK19-1 -> -0.010958265
C21: 44204 | D21: 3824.68 | E21: =D21/D20-1 -> 0.005491891 | H21: 44204 | I21: 75.5 | J21: =I21/I20-1 -> -0.021260047 | N21: 44204 | O21: 13.22 | P21: =O21/O20-1 -> -0.0052671181 | T21: 44204 | U21: 6.6 | V21: =U21/U20-1 -> -0.0060240964 | Z21: 44204 | AA21: 175.57 | AB21: =AA21/AA20-1 -> 0.00017090122 | AF21: 44204 | AG21: 36.42 | AH21: =AG21/AG20-1 -> 0.011104942 | AL21: 44204 | AM21: 118.64 | AN21: =AM21/AM20-1 -> 0.0010969538 | AR21: 44204 | AS21: 128.2 | AT21: =AS21/AS20-1 -> 0.0086546027 | AX21: 44204 | AY21: 209.41 | AZ21: =AY21/AY20-1 -> 0.0061016623 | BD21: 44204 | BE21: 45.38 | BF21: =BE21/BE20-1 -> 0 | BJ21: 44204 | BK21: 43.37 | BL21: =BK21/BK20-1 -> 0.022395097
C22: 44207 | D22: 3799.61 | E22: =D22/D21-1 -> -0.0065547967 | H22: 44207 | I22: 76.71 | J22: =I22/I21-1 -> 0.01602649 | N22: 44207 | O22: 13.57 | P22: =O22/O21-1 -> 0.026475038 | T22: 44207 | U22: 6.82 | V22: =U22/U21-1 -> 0.033333333 | Z22: 44207 | AA22: 175.21 | AB22: =AA22/AA21-1 -> -0.0020504642 | AF22: 44207 | AG22: 37.53 | AH22: =AG22/AG21-1 -> 0.030477759 | AL22: 44207 | AM22: 120.41 | AN22: =AM22/AM21-1 -> 0.014919083 | AR22: 44207 | AS22: 125.22 | AT22: =AS22/AS21-1 -> -0.02324493 | AX22: 44207 | AY22: 207.37 | AZ22: =AY22/AY21-1 -> -0.0097416551 | BD22: 44207 | BE22: 45.58 | BF22: =BE22/BE21-1 -> 0.0044072279 | BJ22: 44207 | BK22: 42.62 | BL22: =BK22/BK21-1 -> -0.01729306
C23: 44208 | D23: 3801.19 | E23: =D23/D22-1 -> 0.00041583215 | H23: 44208 | I23: 77.48 | J23: =I23/I22-1 -> 0.010037805 | N23: 44208 | O23: 13.43 | P23: =O23/O22-1 -> -0.010316875 | T23: 44208 | U23: 7.17 | V23: =U23/U22-1 -> 0.051319648 | Z23: 44208 | AA23: 178.53 | AB23: =AA23/AA22-1 -> 0.01894869 | AF23: 44208 | AG23: 38.36 | AH23: =AG23/AG22-1 -> 0.022115641 | AL23: 44208 | AM23: 122.3 | AN23: =AM23/AM22-1 -> 0.015696371 | AR23: 44208 | AS23: 125.04 | AT23: =AS23/AS22-1 -> -0.0014374701 | AX23: 44208 | AY23: 204.93 | AZ23: =AY23/AY22-1 -> -0.011766408 | BD23: 44208 | BE23: 46.1 | BF23: =BE23/BE22-1 -> 0.011408513 | BJ23: 44208 | BK23: 42.54 | BL23: =BK23/BK22-1 -> -0.001877053
C24: 44209 | D24: 3809.84 | E24: =D24/D23-1 -> 0.0022756032 | H24: 44209 | I24: 77.92 | J24: =I24/I23-1 -> 0.0056788849 | N24: 44209 | O24: 13.48 | P24: =O24/O23-1 -> 0.0037230082 | T24: 44209 | U24: 7.17 | V24: =U24/U23-1 -> 0 | Z24: 44209 | AA24: 177.04 | AB24: =AA24/AA23-1 -> -0.0083459363 | AF24: 44209 | AG24: 38.8 | AH24: =AG24/AG23-1 -> 0.011470282 | AL24: 44209 | AM24: 122.42 | AN24: =AM24/AM23-1 -> 0.00098119379 | AR24: 44209 | AS24: 127.07 | AT24: =AS24/AS23-1 -> 0.016234805 | AX24: 44209 | AY24: 206.28 | AZ24: =AY24/AY23-1 -> 0.0065876153 | BD24: 44209 | BE24: 45.63 | BF24: =BE24/BE23-1 -> -0.010195228 | BJ24: 44209 | BK24: 42.59 | BL24: =BK24/BK23-1 -> 0.0011753644
C25: 44210 | D25: 3795.54 | E25: =D25/D24-1 -> -0.0037534385 | H25: 44210 | I25: 79.28 | J25: =I25/I24-1 -> 0.017453799 | N25: 44210 | O25: 13.15 | P25: =O25/O24-1 -> -0.024480712 | T25: 44210 | U25: 7.46 | V25: =U25/U24-1 -> 0.040446304 | Z25: 44210 | AA25: 178.41 | AB25: =AA25/AA24-1 -> 0.0077383642 | AF25: 44210 | AG25: 40.31 | AH25: =AG25/AG24-1 -> 0.038917526 | AL25: 44210 | AM25: 123.13 | AN25: =AM25/AM24-1 -> 0.0057997059 | AR25: 44210 | AS25: 125.15 | AT25: =AS25/AS24-1 -> -0.015109782 | AX25: 44210 | AY25: 203.11 | AZ25: =AY25/AY24-1 -> -0.015367462 | BD25: 44210 | BE25: 45.48 | BF25: =BE25/BE24-1 -> -0.003287311 | BJ25: 44210 | BK25: 41.8 | BL25: =BK25/BK24-1 -> -0.018548955
C26: 44211 | D26: 3768.25 | E26: =D26/D25-1 -> -0.0071900178 | H26: 44211 | I26: 78.71 | J26: =I26/I25-1 -> -0.0071897074 | N26: 44211 | O26: 12.81 | P26: =O26/O25-1 -> -0.025855513 | T26: 44211 | U26: 7.21 | V26: =U26/U25-1 -> -0.033512064 | Z26: 44211 | AA26: 175.89 | AB26: =AA26/AA25-1 -> -0.014124769 | AF26: 44211 | AG26: 38.37 | AH26: =AG26/AG25-1 -> -0.048127016 | AL26: 44211 | AM26: 120.92 | AN26: =AM26/AM25-1 -> -0.01794851 | AR26: 44211 | AS26: 123.43 | AT26: =AS26/AS25-1 -> -0.013743508 | AX26: 44211 | AY26: 202.76 | AZ26: =AY26/AY25-1 -> -0.0017232042 | BD26: 44211 | BE26: 44.76 | BF26: =BE26/BE25-1 -> -0.015831135 | BJ26: 44211 | BK26: 41.35 | BL26: =BK26/BK25-1 -> -0.01076555
C27: 44215 | D27: 3798.91 | E27: =D27/D26-1 -> 0.0081364028 | H27: 44215 | I27: 83.37 | J27: =I27/I26-1 -> 0.059204675 | N27: 44215 | O27: 12.97 | P27: =O27/O26-1 -> 0.012490242 | T27: 44215 | U27: 7.35 | V27: =U27/U26-1 -> 0.019417476 | Z27: 44215 | AA27: 176.32 | AB27: =AA27/AA26-1 -> 0.0024447098 | AF27: 44215 | AG27: 39.13 | AH27: =AG27/AG26-1 -> 0.019807141 | AL27: 44215 | AM27: 120.4 | AN27: =AM27/AM26-1 -> -0.0043003639 | AR27: 44215 | AS27: 124.1 | AT27: =AS27/AS26-1 -> 0.0054281779 | AX27: 44215 | AY27: 206.37 | AZ27: =AY27/AY26-1 -> 0.017804301 | BD27: 44215 | BE27: 44.37 | BF27: =BE27/BE26-1 -> -0.0087131367 | BJ27: 44215 | BK27: 41.18 | BL27: =BK27/BK26-1 -> -0.0041112455
C28: 44216 | D28: 3851.85 | E28: =D28/D27-1 -> 0.013935576 | H28: 44216 | I28: 81.42 | J28: =I28/I27-1 -> -0.023389709 | N28: 44216 | O28: 13.31 | P28: =O28/O27-1 -> 0.026214341 | T28: 44216 | U28: 7.96 | V28: =U28/U27-1 -> 0.082993197 | Z28: 44216 | AA28: 174.76 | AB28: =AA28/AA27-1 -> -0.0088475499 | AF28: 44216 | AG28: 39.69 | AH28: =AG28/AG27-1 -> 0.01431127 | AL28: 44216 | AM28: 118.59 | AN28: =AM28/AM27-1 -> -0.015033223 | AR28: 44216 | AS28: 128.18 | AT28: =AS28/AS27-1 -> 0.032876712 | AX28: 44216 | AY28: 213.91 | AZ28: =AY28/AY27-1 -> 0.036536318 | BD28: 44216 | BE28: 45.03 | BF28: =BE28/BE27-1 -> 0.014874915 | BJ28: 44216 | BK28: 41.33 | BL28: =BK28/BK27-1 -> 0.0036425449
C29: 44217 | D29: 3853.07 | E29: =D29/D28-1 -> 0.00031673092 | H29: 44217 | I29: 82.9 | J29: =I29/I28-1 -> 0.018177352 | N29: 44217 | O29: 13.81 | P29: =O29/O28-1 -> 0.03756574 | T29: 44217 | U29: 8.46 | V29: =U29/U28-1 -> 0.06281407 | Z29: 44217 | AA29: 174.62 | AB29: =AA29/AA28-1 -> -0.00080109865 | AF29: 44217 | AG29: 38.55 | AH29: =AG29/AG28-1 -> -0.0287226 | AL29: 44217 | AM29: 117.6 | AN29: =AM29/AM28-1 -> -0.0083480901 | AR29: 44217 | AS29: 132.87 | AT29: =AS29/AS28-1 -> 0.036589171 | AX29: 44217 | AY29: 214.51 | AZ29: =AY29/AY28-1 -> 0.002804918 | BD29: 44217 | BE29: 44.83 | BF29: =BE29/BE28-1 -> -0.0044414835 | BJ29: 44217 | BK29: 41.56 | BL29: =BK29/BK28-1 -> 0.0055649649
C30: 44218 | D30: 3841.47 | E30: =D30/D29-1 -> -0.0030105864 | H30: 44218 | I30: 80.23 | J30: =I30/I29-1 -> -0.032207479 | N30: 44218 | O30: 13.66 | P30: =O30/O29-1 -> -0.010861694 | T30: 44218 | U30: 8.45 | V30: =U30/U29-1 -> -0.0011820331 | Z30: 44218 | AA30: 174.39 | AB30: =AA30/AA29-1 -> -0.0013171458 | AF30: 44218 | AG30: 38 | AH30: =AG30/AG29-1 -> -0.014267185 | AL30: 44218 | AM30: 116.69 | AN30: =AM30/AM29-1 -> -0.0077380952 | AR30: 44218 | AS30: 135.01 | AT30: =AS30/AS29-1 -> 0.016105968 | AX30: 44218 | AY30: 215.44 | AZ30: =AY30/AY29-1 -> 0.0043354622 | BD30: 44218 | BE30: 45.28 | BF30: =BE30/BE29-1 -> 0.010037921 | BJ30: 44218 | BK30: 41.17 | BL30: =BK30/BK29-1 -> -0.0093840231
C31: 44221 | D31: 3855.36 | E31: =D31/D30-1 -> 0.0036158033 | H31: 44221 | I31: 79.26 | J31: =I31/I30-1 -> -0.012090241 | N31: 44221 | O31: 13.6 | P31: =O31/O30-1 -> -0.0043923865 | T31: 44221 | U31: 8.28 | V31: =U31/U30-1 -> -0.020118343 | Z31: 44221 | AA31: 170.22 | AB31: =AA31/AA30-1 -> -0.023911922 | AF31: 44221 | AG31: 37.58 | AH31: =AG31/AG30-1 -> -0.011052632 | AL31: 44221 | AM31: 115.24 | AN31: =AM31/AM30-1 -> -0.012426086 | AR31: 44221 | AS31: 138.75 | AT31: =AS31/AS30-1 -> 0.027701652 | AX31: 44221 | AY31: 218.85 | AZ31: =AY31/AY30-1 -> 0.015828073 | BD31: 44221 | BE31: 45.24 | BF31: =BE31/BE30-1 -> -0.00088339223 | BJ31: 44221 | BK31: 41.41 | BL31: =BK31/BK30-1 -> 0.0058294875
... C1271: 46022 | D1271: 6845.5 | E1271: =D1271/D1270-1 -> -0.0073576326 | H1271: 46022 | I1271: 285.25 | J1271: =I1271/I1270-1 -> -0.024652944 | N1271: 46022 | O1271: 186.27 | P1271: =O1271/O1270-1 -> -0.005552293 | T1271: 46022 | U1271: 12.68 | V1271: =U1271/U1270-1 -> -0.0086004691 | Z1271: 46022 | AA1271: 569.39 | AB1271: =AA1271/AA1270-1 -> -0.0078239353 | AF1271: 46022 | AG1271: 117.97 | AH1271: =AG1271/AG1270-1 -> -0.0053958351 | AL1271: 46022 | AM1271: 317.71 | AN1271: =AM1271/AM1270-1 -> -0.0037003355 | AR1271: 46022 | AS1271: 271.12 | AT1271: =AS1271/AS1270-1 -> -0.0044796945 | AX1271: 46022 | AY1271: 480.57 | AZ1271: =AY1271/AY1270-1 -> -0.0079271691 | BD1271: 46022 | BE1271: 110.71 | BF1271: =BE1271/BE1270-1 -> -0.0044959986 | BJ1271: 46022 | BK1271: 68.99 | BL1271: =BK1271/BK1270-1 -> -0.0023138106

Sheet Company Summary
B2: Ticker | C2: Cyclicality | D2: Beta (using adj close) | E2: Avg Daily Return | F2: Avg Overnight Return | G2: Avg Daytime Return | H2: Avg Night-day Difference | K2: Cyclicality Score | L2: Avg. Night-Day Difference
B3: MU | C3: 5 | D3: {=Beta!D4:D13} -> 1.773365 | E3: =AVERAGE(Calculations!F4:F1257) -> 0.0015427369 | F3: =AVERAGE(Calculations!G4:G1257) -> 0.0011966276 | G3: =AVERAGE(Calculations!H4:H1257) -> 0.00034722304 | H3: =AVERAGE(Calculations!I4:I1257) -> 0.00084940457 | J3: KO | K3: 1 | L3: 0.00023940209
B4: NVDA | C4: 4 | D4: 2.1650239 | E4: =AVERAGE(Calculations!O4:O1257) -> 0.0026546172 | F4: =AVERAGE(Calculations!P4:P1257) -> 0.0016759012 | G4: =AVERAGE(Calculations!Q4:Q1257) -> 0.00099699951 | H4: =AVERAGE(Calculations!R4:R1257) -> 0.00067890172 | J4: WMT | K4: 1 | L4: -0.00059343852
B5: F | C5: 4 | D5: 1.233301 | E5: =AVERAGE(Calculations!X4:X1257) -> 0.000657705 | F5: =AVERAGE(Calculations!Y4:Y1257) -> 6.1572989e-05 | G5: =AVERAGE(Calculations!Z4:Z1257) -> 0.00057342083 | H5: =AVERAGE(Calculations!AA4:AA1257) -> -0.00051184784 | J5: MSFT | K5: 2 | L5: 1.3123477e-05
B6: CAT | C6: 4 | D6: 0.98036315 | E6: =AVERAGE(Calculations!AG4:AG1257) -> 0.0010836699 | F6: =AVERAGE(Calculations!AH4:AH1257) -> 0.00059456686 | G6: =AVERAGE(Calculations!AI4:AI1257) -> 0.00048830899 | H6: =AVERAGE(Calculations!AJ4:AJ1257) -> 0.00010625787 | J6: AAPL | K6: 3 | L6: -0.0014518887
B7: XOM | C7: 4 | D7: 0.54113944 | E7: =AVERAGE(Calculations!AP4:AP1257) -> 0.00099557131 | F7: =AVERAGE(Calculations!AQ4:AQ1257) -> 0.00036760938 | G7: =AVERAGE(Calculations!AR4:AR1257) -> 0.00062869551 | H7: =AVERAGE(Calculations!AS4:AS1257) -> -0.00026108613 | J7: JPM | K7: 3 | L7: -0.0003079968
B8: JPM | C8: 3 | D8: 0.89403394 | E8: =AVERAGE(Calculations!AY4:AY1257) -> 0.0008672962 | F8: =AVERAGE(Calculations!AZ4:AZ1257) -> 0.00027984613 | G8: =AVERAGE(Calculations!BA4:BA1257) -> 0.00058784293 | H8: =AVERAGE(Calculations!BB4:BB1257) -> -0.0003079968 | J8: XOM | K8: 4 | L8: -0.00026108613
B9: AAPL | C9: 3 | D9: 1.2444355 | E9: =AVERAGE(Calculations!BH4:BH1257) -> 0.0007452396 | F9: =AVERAGE(Calculations!BI4:BI1257) -> -0.00034665449 | G9: =AVERAGE(Calculations!BJ4:BJ1257) -> 0.0011052342 | H9: =AVERAGE(Calculations!BK4:BK1257) -> -0.0014518887 | J9: CAT | K9: 4 | L9: 0.00010625787
B10: MSFT | C10: 2 | D10: 1.1544142 | E10: =AVERAGE(Calculations!BQ4:BQ1257) -> 0.00076764624 | F10: =AVERAGE(Calculations!BR4:BR1257) -> 0.00039603093 | G10: =AVERAGE(Calculations!BS4:BS1257) -> 0.00038290745 | H10: =AVERAGE(Calculations!BT4:BT1257) -> 1.3123477e-05 | J10: F | K10: 4 | L10: -0.00051184784
B11: WMT | C11: 1 | D11: 0.45703754 | E11: =AVERAGE(Calculations!BZ4:BZ1257) -> 0.0007447829 | F11: =AVERAGE(Calculations!CA4:CA1257) -> 7.5951081e-05 | G11: =AVERAGE(Calculations!CB4:CB1257) -> 0.0006693896 | H11: =AVERAGE(Calculations!CC4:CC1257) -> -0.00059343852 | J11: NVDA | K11: 4 | L11: 0.00067890172
B12: KO | C12: 1 | D12: 0.32188486 | E12: =AVERAGE(Calculations!CI4:CI1257) -> 0.00027479295 | F12: =AVERAGE(Calculations!CJ4:CJ1257) -> 0.00025910973 | G12: =AVERAGE(Calculations!CK4:CK1257) -> 1.970764e-05 | H12: =AVERAGE(Calculations!CL4:CL1257) -> 0.00023940209 | J12: MU | K12: 5 | L12: 0.00084940457
K14: Cyclicality r overnight | L14: =CORREL(C3:C12,F3:F12) -> 0.49481009
K15: Cyclicality r daytime | L15: =CORREL(C3:C12,G3:G12) -> 0.27056493
K16: Cyclicality r night-day | L16: =CORREL(C3:C12,H3:H12) -> 0.3083662
K18: Beta r overnight | L18: =CORREL(_xlfn.ANCHORARRAY(D3),F3:F12) -> 0.68700487
K19: Beta r daytime | L19: =CORREL(_xlfn.ANCHORARRAY(D3),G3:G12) -> 0.43861614
K20: Beta r night-day | L20: =CORREL(_xlfn.ANCHORARRAY(D3),H3:H12) -> 0.39862274

Sheet Correlation
B2: Variable | C2: Avg Overnight | D2: Avg Daytime | E2: Avg Night-day
B3: Cyclicality | C3: 0.49481009 | D3: 0.27056493 | E3: 0.3083662
B4: Beta | C4: 0.68700487 | D4: 0.43861614 | E4: 0.39862274

Sheet Strategy Calculations adj
B2: Ticker | C2: Date | D2: Open | E2: Adj Open | F2: Close | G2: Adj Close | H2: Daily Return | I2: Overnight Return | J2: Daytime Return | L2: Ticker | M2: Date | N2: Open | O2: Adj Open | P2: Close | Q2: Adj Close | R2: Daily Return | S2: Overnight Return | T2: Daytime Return | V2: Ticker | W2: Date | X2: Open | Y2: Adj Open | Z2: Close | AA2: Adj Close | AB2: Daily Return | AC2: Overnight Return | AD2: Daytime Return | AF2: Ticker | AG2: Date | AH2: Open | AI2: Adj Open | AJ2: Close | AK2: Adj Close | AL2: Daily Return | AM2: Overnight Return | AN2: Daytime Return | AP2: Ticker | AQ2: Date | AR2: Open | AS2: Adj Open | AT2: Close | AU2: Adj Close | AV2: Daily Return | AW2: Overnight Return | AX2: Daytime Return | AZ2: Ticker | BA2: Date | BB2: Open | BC2: Adj Open | BD2: Close | BE2: Adj Close | BF2: Daily Return | BG2: Overnight Return | BH2: Daytime Return | BJ2: Ticker | BK2: Date | BL2: Open | BM2: Adj Open | BN2: Close | BO2: Adj Close | BP2: Daily Return | BQ2: Overnight Return | BR2: Daytime Return | BT2: Ticker | BU2: Date | BV2: Open | BW2: Adj Open | BX2: Close | BY2: Adj Close | BZ2: Daily Return | CA2: Overnight Return | CB2: Daytime Return | CD2: Ticker | CE2: Date | CF2: Open | CG2: Adj Open | CH2: Close | CI2: Adj Close | CJ2: Daily Return | CK2: Overnight Return | CL2: Daytime Return | CN2: Ticker | CO2: Date | CP2: Open | CQ2: Adj Open | CR2: Close | CS2: Adj Close | CT2: Daily Return | CU2: Overnight Return | CV2: Daytime Return
B3: MU | C3: 44200 | D3: 76.48 | E3: =D3*(G3/F3) -> 74.579619 | F3: 74.05 | G3: 72.21 | H3: reference | I3: reference | J3: =G3/E3-1 -> -0.031773013 | L3: NVDA | M3: 44200 | N3: 13.1 | O3: =N3*(Q3/P3) -> 13.050038 | P3: 13.11 | Q3: 13.06 | R3: reference | S3: reference | T3: =Q3/O3-1 -> 0.00076335878 | V3: F | W3: 44200 | X3: 8.81 | Y3: =X3*(AA3/Z3) -> 6.4627347 | Z3: 8.52 | AA3: 6.25 | AB3: reference | AC3: reference | AD3: =AA3/Y3-1 -> -0.03291714 | AF3: CAT | AG3: 44200 | AH3: 183 | AI3: =AH3*(AK3/AJ3) -> 165.3882 | AJ3: 182.15 | AK3: 164.62 | AL3: reference | AM3: reference | AN3: =AK3/AI3-1 -> -0.0046448087 | AP3: XOM | AQ3: 44200 | AR3: 41.45 | AS3: =AR3*(AU3/AT3) -> 33.20994 | AT3: 41.5 | AU3: 33.25 | AV3: reference | AW3: reference | AX3: =AU3/AS3-1 -> 0.0012062726 | AZ3: JPM | BA3: 44200 | BB3: 127.5 | BC3: =BB3*(BE3/BD3) -> 110.41154 | BD3: 125.87 | BE3: 109 | BF3: reference | BG3: reference | BH3: =BE3/BC3-1 -> -0.012784314 | BJ3: AAPL | BK3: 44200 | BL3: 133.52 | BM3: =BL3*(BO3/BN3) -> 129.61995 | BN3: 129.41 | BO3: 125.63 | BP3: reference | BQ3: reference | BR3: =BO3/BM3-1 -> -0.030781905 | BT3: MSFT | BU3: 44200 | BV3: 222.53 | BW3: =BV3*(BY3/BX3) -> 212.185 | BX3: 217.69 | BY3: 207.57 | BZ3: reference | CA3: reference | CB3: =BY3/BW3-1 -> -0.021749876 | CD3: WMT | CE3: 44200 | CF3: 48.1 | CG3: =CF3*(CI3/CH3) -> 44.662879 | CH3: 48.84 | CI3: 45.35 | CJ3: reference | CK3: reference | CL3: =CI3/CG3-1 -> 0.015384615 | CN3: KO | CO3: 44200 | CP3: 54.27 | CQ3: =CP3*(CS3/CR3) -> 46.071897 | CR3: 52.76 | CS3: 44.79 | CT3: reference | CU3: reference | CV3: =CS3/CQ3-1 -> -0.027823844
C4: 44201 | D4: 76.44 | E4: =D4*(G4/F4) -> 74.540378 | F4: 77.26 | G4: 75.34 | H4: =G4/G3-1 -> 0.043345797 | I4: =E4/G3-1 -> 0.032272233 | J4: =G4/E4-1 -> 0.010727368 | M4: 44201 | N4: 13.1 | O4: =N4*(Q4/P4) -> 13.051119 | P4: 13.4 | Q4: 13.35 | R4: =Q4/Q3-1 -> 0.022205207 | S4: =O4/Q3-1 -> -0.00067998446 | T4: =Q4/O4-1 -> 0.022900763 | W4: 44201 | X4: 8.47 | Y4: =X4*(AA4/Z4) -> 6.2080694 | Z4: 8.65 | AA4: 6.34 | AB4: =AA4/AA3-1 -> 0.0144 | AC4: =Y4/AA3-1 -> -0.0067089017 | AD4: =AA4/Y4-1 -> 0.021251476 | AG4: 44201 | AH4: 181.21 | AI4: =AH4*(AK4/AJ4) -> 163.77382 | AJ4: 183.64 | AK4: 165.97 | AL4: =AK4/AK3-1 -> 0.0082007047 | AM4: =AI4/AK3-1 -> -0.0051402217 | AN4: =AK4/AI4-1 -> 0.013409856 | AQ4: 44201 | AR4: 41.84 | AS4: =AR4*(AU4/AT4) -> 33.520092 | AT4: 43.5 | AU4: 34.85 | AV4: =AU4/AU3-1 -> 0.048120301 | AW4: =AS4/AU3-1 -> 0.0081230663 | AX4: =AU4/AS4-1 -> 0.039674952 | BA4: 44201 | BB4: 124.99 | BC4: =BB4*(BE4/BD4) -> 109.01436 | BD4: 125.65 | BE4: 109.59 | BF4: =BE4/BE3-1 -> 0.005412844 | BG4: =BC4/BE3-1 -> 0.00013172603 | BH4: =BE4/BC4-1 -> 0.0052804224 | BK4: 44201 | BL4: 128.89 | BM4: =BL4*(BO4/BN4) -> 125.13182 | BN4: 131.01 | BO4: 127.19 | BP4: =BO4/BO3-1 -> 0.012417416 | BQ4: =BM4/BO3-1 -> -0.0039654929 | BR4: =BO4/BM4-1 -> 0.016448134 | BU4: 44201 | BV4: 217.26 | BW4: =BV4*(BY4/BX4) -> 207.15975 | BX4: 217.9 | BY4: 207.77 | BZ4: =BY4/BY3-1 -> 0.00096353038 | CA4: =BW4/BY3-1 -> -0.0019764268 | CB4: =BY4/BW4-1 -> 0.0029457793 | CE4: 44201 | CF4: 48.87 | CG4: =CF4*(CI4/CH4) -> 45.369226 | CH4: 48.58 | CI4: 45.1 | CJ4: =CI4/CI3-1 -> -0.0055126792 | CK4: =CG4/CI3-1 -> 0.0004239475 | CL4: =CI4/CG4-1 -> -0.0059341109 | CO4: 44201 | CP4: 52.33 | CQ4: =CP4*(CS4/CR4) -> 44.427348 | CR4: 52.18 | CS4: 44.3 | CT4: =CS4/CS3-1 -> -0.010939942 | CU4: =CQ4/CS3-1 -> -0.008096726 | CV4: =CS4/CQ4-1 -> -0.0028664246
C5: 44202 | D5: 76.36 | E5: =D5*(G5/F5) -> 74.458675 | F5: 77.11 | G5: 75.19 | H5: =G5/G4-1 -> -0.0019909743 | I5: =E5/G4-1 -> -0.011697974 | J5: =G5/E5-1 -> 0.0098218963 | M5: 44202 | N5: 13.22 | O5: =N5*(Q5/P5) -> 13.167581 | P5: 12.61 | Q5: 12.56 | R5: =Q5/Q4-1 -> -0.05917603 | S5: =O5/Q4-1 -> -0.013664323 | T5: =Q5/O5-1 -> -0.046142209 | W5: 44202 | X5: 8.79 | Y5: =X5*(AA5/Z5) -> 6.4433484 | Z5: 8.84 | AA5: 6.48 | AB5: =AA5/AA4-1 -> 0.022082019 | AC5: =Y5/AA4-1 -> 0.016301012 | AD5: =AA5/Y5-1 -> 0.0056882821 | AG5: 44202 | AH5: 187.15 | AI5: =AH5*(AK5/AJ5) -> 169.14553 | AJ5: 193.86 | AK5: 175.21 | AL5: =AK5/AK4-1 -> 0.055672712 | AM5: =AI5/AK4-1 -> 0.019133127 | AN5: =AK5/AI5-1 -> 0.035853593 | AQ5: 44202 | AR5: 44.41 | AS5: =AR5*(AU5/AT5) -> 35.579767 | AT5: 44.61 | AU5: 35.74 | AV5: =AU5/AU4-1 -> 0.02553802 | AW5: =AS5/AU4-1 -> 0.020940226 | AX5: =AU5/AS5-1 -> 0.0045034902 | BA5: 44202 | BB5: 129.88 | BC5: =BB5*(BE5/BD5) -> 113.2834 | BD5: 131.55 | BE5: 114.74 | BF5: =BE5/BE4-1 -> 0.046993339 | BG5: =BC5/BE4-1 -> 0.033701975 | BH5: =BE5/BC5-1 -> 0.012858023 | BK5: 44202 | BL5: 127.72 | BM5: =BL5*(BO5/BN5) -> 123.98727 | BN5: 126.6 | BO5: 122.9 | BP5: =BO5/BO4-1 -> -0.033729067 | BQ5: =BM5/BO4-1 -> -0.025180698 | BR5: =BO5/BM5-1 -> -0.0087691826 | BU5: 44202 | BV5: 212.17 | BW5: =BV5*(BY5/BX5) -> 202.30372 | BX5: 212.25 | BY5: 202.38 | BZ5: =BY5/BY4-1 -> -0.025942148 | CA5: =BW5/BY4-1 -> -0.026309284 | CB5: =BY5/BW5-1 -> 0.00037705613 | CE5: 44202 | CF5: 48.36 | CG5: =CF5*(CI5/CH5) -> 44.897942 | CH5: 48.89 | CI5: 45.39 | CJ5: =CI5/CI4-1 -> 0.0064301552 | CK5: =CG5/CI4-1 -> -0.0044802146 | CL5: =CI5/CG5-1 -> 0.010959471 | CO5: 44202 | CP5: 51.97 | CQ5: =CP5*(CS5/CR5) -> 44.121008 | CR5: 50.52 | CS5: 42.89 | CT5: =CS5/CS4-1 -> -0.031828442 | CU5: =CQ5/CS4-1 -> -0.0040404623 | CV5: =CS5/CQ5-1 -> -0.027900712
C6: 44203 | D6: 78.06 | E6: =D6*(G6/F6) -> 76.116147 | F6: 79.11 | G6: 77.14 | H6: =G6/G5-1 -> 0.0259343 | I6: =E6/G5-1 -> 0.012317424 | J6: =G6/E6-1 -> 0.013451191 | M6: 44203 | N6: 12.97 | O6: =N6*(Q6/P6) -> 12.921387 | P6: 13.34 | Q6: 13.29 | R6: =Q6/Q5-1 -> 0.058121019 | S6: =O6/Q5-1 -> 0.028772835 | T6: =Q6/O6-1 -> 0.028527371 | W6: 44203 | X6: 8.94 | Y6: =X6*(AA6/Z6) -> 6.552053 | Z6: 9.06 | AA6: 6.64 | AB6: =AA6/AA5-1 -> 0.024691358 | AC6: =Y6/AA5-1 -> 0.011119287 | AD6: =AA6/Y6-1 -> 0.013422819 | AG6: 44203 | AH6: 196.85 | AI6: =AH6*(AK6/AJ6) -> 177.90789 | AJ6: 194.23 | AK6: 175.54 | AL6: =AK6/AK5-1 -> 0.0018834541 | AM6: =AI6/AK5-1 -> 0.015398023 | AN6: =AK6/AI6-1 -> -0.013309627 | AQ6: 44203 | AR6: 45 | AS6: =AR6*(AU6/AT6) -> 36.052046 | AT6: 44.96 | AU6: 36.02 | AV6: =AU6/AU5-1 -> 0.0078343593 | AW6: =AS6/AU5-1 -> 0.008731009 | AX6: =AU6/AS6-1 -> -0.00088888889 | BA6: 44203 | BB6: 135.69 | BC6: =BB6*(BE6/BD6) -> 118.353 | BD6: 135.87 | BE6: 118.51 | BF6: =BE6/BE5-1 -> 0.032856894 | BG6: =BC6/BE5-1 -> 0.031488569 | BH6: =BE6/BC6-1 -> 0.0013265532 | BK6: 44203 | BL6: 128.36 | BM6: =BL6*(BO6/BN6) -> 124.6147 | BN6: 130.92 | BO6: 127.1 | BP6: =BO6/BO5-1 -> 0.034174125 | BQ6: =BM6/BO5-1 -> 0.013951961 | BR6: =BO6/BM6-1 -> 0.019943908 | BU6: 44203 | BV6: 214.04 | BW6: =BV6*(BY6/BX6) -> 204.08762 | BX6: 218.29 | BY6: 208.14 | BZ6: =BY6/BY5-1 -> 0.02846131 | CA6: =BW6/BY5-1 -> 0.0084376695 | CB6: =BY6/BW6-1 -> 0.019856102 | CE6: 44203 | CF6: 49.21 | CG6: =CF6*(CI6/CH6) -> 45.686371 | CH6: 48.88 | CI6: 45.38 | CJ6: =CI6/CI5-1 -> -0.00022031284 | CK6: =CG6/CI5-1 -> 0.0065294273 | CL6: =CI6/CG6-1 -> -0.0067059541 | CO6: 44203 | CP6: 50.09 | CQ6: =CP6*(CS6/CR6) -> 42.53038 | CR6: 49.96 | CS6: 42.42 | CT6: =CS6/CS5-1 -> -0.010958265 | CU6: =CQ6/CS5-1 -> -0.008384698 | CV6: =CS6/CQ6-1 -> -0.0025953284
C7: 44204 | D7: 82.54 | E7: =D7*(G7/F7) -> 80.493025 | F7: 77.42 | G7: 75.5 | H7: =G7/G6-1 -> -0.021260047 | I7: =E7/G6-1 -> 0.04346675 | J7: =G7/E7-1 -> -0.062030531 | M7: 44204 | N7: 13.36 | O7: =N7*(Q7/P7) -> 13.299639 | P7: 13.28 | Q7: 13.22 | R7: =Q7/Q6-1 -> -0.0052671181 | S7: =O7/Q6-1 -> 0.00072524862 | T7: =Q7/O7-1 -> -0.005988024 | W7: 44204 | X7: 9.1 | Y7: =X7*(AA7/Z7) -> 6.6733333 | Z7: 9 | AA7: 6.6 | AB7: =AA7/AA6-1 -> -0.0060240964 | AC7: =Y7/AA6-1 -> 0.0050200803 | AD7: =AA7/Y7-1 -> -0.010989011 | AG7: 44204 | AH7: 193.85 | AI7: =AH7*(AK7/AJ7) -> 175.19945 | AJ7: 194.26 | AK7: 175.57 | AL7: =AK7/AK6-1 -> 0.00017090122 | AM7: =AI7/AK6-1 -> -0.0019400329 | AN7: =AK7/AI7-1 -> 0.0021150374 | AQ7: 44204 | AR7: 45.2 | AS7: =AR7*(AU7/AT7) -> 36.211703 | AT7: 45.46 | AU7: 36.42 | AV7: =AU7/AU6-1 -> 0.011104942 | AW7: =AS7/AU6-1 -> 0.0053221154 | AX7: =AU7/AS7-1 -> 0.0057522124 | BA7: 44204 | BB7: 135.97 | BC7: =BB7*(BE7/BD7) -> 118.59639 | BD7: 136.02 | BE7: 118.64 | BF7: =BE7/BE6-1 -> 0.0010969538 | BG7: =BC7/BE6-1 -> 0.00072895761 | BH7: =BE7/BC7-1 -> 0.00036772818 | BK7: 44204 | BL7: 132.43 | BM7: =BL7*(BO7/BN7) -> 128.56892 | BN7: 132.05 | BO7: 128.2 | BP7: =BO7/BO6-1 -> 0.0086546027 | BQ7: =BM7/BO6-1 -> 0.011557206 | BR7: =BO7/BM7-1 -> -0.0028694405 | BU7: 44204 | BV7: 218.68 | BW7: =BV7*(BY7/BX7) -> 208.5137 | BX7: 219.62 | BY7: 209.41 | BZ7: =BY7/BY6-1 -> 0.0061016623 | CA7: =BW7/BY6-1 -> 0.0017954263 | CB7: =BY7/BW7-1 -> 0.0042985184 | CE7: 44204 | CF7: 48.96 | CG7: =CF7*(CI7/CH7) -> 45.454272 | CH7: 48.88 | CI7: 45.38 | CJ7: =CI7/CI6-1 -> 0 | CK7: =CG7/CI6-1 -> 0.0016366612 | CL7: =CI7/CG7-1 -> -0.0016339869 | CO7: 44204 | CP7: 50.03 | CQ7: =CP7*(CS7/CR7) -> 42.478487 | CR7: 51.08 | CS7: 43.37 | CT7: =CS7/CS6-1 -> 0.022395097 | CU7: =CQ7/CS6-1 -> 0.0013787527 | CV7: =CS7/CQ7-1 -> 0.020987408
C8: 44207 | D8: 76.59 | E8: =D8*(G8/F8) -> 74.681822 | F8: 78.67 | G8: 76.71 | H8: =G8/G7-1 -> 0.01602649 | I8: =E8/G7-1 -> -0.010836801 | J8: =G8/E8-1 -> 0.027157592 | M8: 44207 | N8: 13.42 | O8: =N8*(Q8/P8) -> 13.370734 | P8: 13.62 | Q8: 13.57 | R8: =Q8/Q7-1 -> 0.026475038 | S8: =O8/Q7-1 -> 0.011401983 | T8: =Q8/O8-1 -> 0.01490313 | W8: 44207 | X8: 8.87 | Y8: =X8*(AA8/Z8) -> 6.5046667 | Z8: 9.3 | AA8: 6.82 | AB8: =AA8/AA7-1 -> 0.033333333 | AC8: =Y8/AA7-1 -> -0.014444444 | AD8: =AA8/Y8-1 -> 0.048478016 | AG8: 44207 | AH8: 191.56 | AI8: =AH8*(AK8/AJ8) -> 173.13127 | AJ8: 193.86 | AK8: 175.21 | AL8: =AK8/AK7-1 -> -0.0020504642 | AM8: =AI8/AK7-1 -> -0.013890369 | AN8: =AK8/AI8-1 -> 0.012006682 | AQ8: 44207 | AR8: 45.04 | AS8: =AR8*(AU8/AT8) -> 36.087771 | AT8: 46.84 | AU8: 37.53 | AV8: =AU8/AU7-1 -> 0.030477759 | AW8: =AS8/AU7-1 -> -0.0091221544 | AX8: =AU8/AS8-1 -> 0.039964476 | BA8: 44207 | BB8: 134.58 | BC8: =BB8*(BE8/BD8) -> 117.3834 | BD8: 138.05 | BE8: 120.41 | BF8: =BE8/BE7-1 -> 0.014919083 | BG8: =BC8/BE7-1 -> -0.010591741 | BH8: =BE8/BC8-1 -> 0.02578392 | BK8: 44207 | BL8: 129.19 | BM8: =BL8*(BO8/BN8) -> 125.42388 | BN8: 128.98 | BO8: 125.22 | BP8: =BO8/BO7-1 -> -0.02324493 | BQ8: =BM8/BO7-1 -> -0.021654617 | BR8: =BO8/BM8-1 -> -0.0016255128 | BU8: 44207 | BV8: 218.47 | BW8: =BV8*(BY8/BX8) -> 208.3044 | BX8: 217.49 | BY8: 207.37 | BZ8: =BY8/BY7-1 -> -0.0097416551 | CA8: =BW8/BY7-1 -> -0.0052795963 | CB8: =BY8/BW8-1 -> -0.0044857417 | CE8: 44207 | CF8: 48.67 | CG8: =CF8*(CI8/CH8) -> 45.180827 | CH8: 49.1 | CI8: 45.58 | CJ8: =CI8/CI7-1 -> 0.0044072279 | CK8: =CG8/CI7-1 -> -0.0043890065 | CL8: =CI8/CG8-1 -> 0.0088350113 | CO8: 44207 | CP8: 50.62 | CQ8: =CP8*(CS8/CR8) -> 42.976582 | CR8: 50.2 | CS8: 42.62 | CT8: =CS8/CS7-1 -> -0.01729306 | CU8: =CQ8/CS7-1 -> -0.0090712088 | CV8: =CS8/CQ8-1 -> -0.0082971158
C9: 44208 | D9: 79.19 | E9: =D9*(G9/F9) -> 77.216728 | F9: 79.46 | G9: 77.48 | H9: =G9/G8-1 -> 0.010037805 | I9: =E9/G8-1 -> 0.0066057608 | J9: =G9/E9-1 -> 0.0034095214 | M9: 44208 | N9: 13.75 | O9: =N9*(Q9/P9) -> 13.698999 | P9: 13.48 | Q9: 13.43 | R9: =Q9/Q8-1 -> -0.010316875 | S9: =O9/Q8-1 -> 0.0095061545 | T9: =Q9/O9-1 -> -0.019636364 | W9: 44208 | X9: 9.3 | Y9: =X9*(AA9/Z9) -> 6.8180982 | Z9: 9.78 | AA9: 7.17 | AB9: =AA9/AA8-1 -> 0.051319648 | AC9: =Y9/AA8-1 -> -0.00027886224 | AD9: =AA9/Y9-1 -> 0.051612903 | AG9: 44208 | AH9: 194.68 | AI9: =AH9*(AK9/AJ9) -> 175.94523 | AJ9: 197.54 | AK9: 178.53 | AL9: =AK9/AK8-1 -> 0.01894869 | AM9: =AI9/AK8-1 -> 0.0041962691 | AN9: =AK9/AI9-1 -> 0.014690775 | AQ9: 44208 | AR9: 47.46 | AS9: =AR9*(AU9/AT9) -> 38.023509 | AT9: 47.88 | AU9: 38.36 | AV9: =AU9/AU8-1 -> 0.022115641 | AW9: =AS9/AU8-1 -> 0.013149714 | AX9: =AU9/AS9-1 -> 0.0088495575 | BA9: 44208 | BB9: 139.44 | BC9: =BB9*(BE9/BD9) -> 121.61968 | BD9: 140.22 | BE9: 122.3 | BF9: =BE9/BE8-1 -> 0.015696371 | BG9: =BC9/BE8-1 -> 0.01004637 | BH9: =BE9/BC9-1 -> 0.0055938038 | BK9: 44208 | BL9: 128.5 | BM9: =BL9*(BO9/BN9) -> 124.74876 | BN9: 128.8 | BO9: 125.04 | BP9: =BO9/BO8-1 -> -0.0014374701 | BQ9: =BM9/BO8-1 -> -0.0037633145 | BR9: =BO9/BM9-1 -> 0.0023346304 | BU9: 44208 | BV9: 216.5 | BW9: =BV9*(BY9/BX9) -> 206.42695 | BX9: 214.93 | BY9: 204.93 | BZ9: =BY9/BY8-1 -> -0.011766408 | CA9: =BW9/BY8-1 -> -0.0045476541 | CB9: =BY9/BW9-1 -> -0.0072517321 | CE9: 44208 | CF9: 49.67 | CG9: =CF9*(CI9/CH9) -> 46.109283 | CH9: 49.66 | CI9: 46.1 | CJ9: =CI9/CI8-1 -> 0.011408513 | CK9: =CG9/CI8-1 -> 0.011612179 | CL9: =CI9/CG9-1 -> -0.00020132877 | CO9: 44208 | CP9: 50.04 | CQ9: =CP9*(CS9/CR9) -> 42.480575 | CR9: 50.11 | CS9: 42.54 | CT9: =CS9/CS8-1 -> -0.001877053 | CU9: =CQ9/CS8-1 -> -0.0032713577 | CV9: =CS9/CQ9-1 -> 0.0013988809
C10: 44209 | D10: 78.95 | E10: =D10*(G10/F10) -> 76.983907 | F10: 79.91 | G10: 77.92 | H10: =G10/G9-1 -> 0.0056788849 | I10: =E10/G9-1 -> -0.0064028537 | J10: =G10/E10-1 -> 0.012159595 | M10: 44209 | N10: 13.49 | O10: =N10*(Q10/P10) -> 13.440148 | P10: 13.53 | Q10: 13.48 | R10: =Q10/Q9-1 -> 0.0037230082 | S10: =O10/Q9-1 -> 0.00075560831 | T10: =Q10/O10-1 -> 0.0029651594 | W10: 44209 | X10: 9.91 | Y10: =X10*(AA10/Z10) -> 7.2653067 | Z10: 9.78 | AA10: 7.17 | AB10: =AA10/AA9-1 -> 0 | AC10: =Y10/AA9-1 -> 0.013292434 | AD10: =AA10/Y10-1 -> -0.013118063 | AG10: 44209 | AH10: 198.79 | AI10: =AH10*(AK10/AJ10) -> 179.66094 | AJ10: 195.89 | AK10: 177.04 | AL10: =AK10/AK9-1 -> -0.0083459363 | AM10: =AI10/AK9-1 -> 0.0063347355 | AN10: =AK10/AI10-1 -> -0.014588259 | AQ10: 44209 | AR10: 48.53 | AS10: =AR10*(AU10/AT10) -> 38.888145 | AT10: 48.42 | AU10: 38.8 | AV10: =AU10/AU9-1 -> 0.011470282 | AW10: =AS10/AU9-1 -> 0.013768128 | AX10: =AU10/AS10-1 -> -0.0022666392 | BA10: 44209 | BB10: 138.59 | BC10: =BB10*(BE10/BD10) -> 120.88484 | BD10: 140.35 | BE10: 122.42 | BF10: =BE10/BE9-1 -> 0.00098119379 | BG10: =BC10/BE9-1 -> -0.011571189 | BH10: =BE10/BC10-1 -> 0.012699329 | BK10: 44209 | BL10: 128.76 | BM10: =BL10*(BO10/BN10) -> 125.00216 | BN10: 130.89 | BO10: 127.07 | BP10: =BO10/BO9-1 -> 0.016234805 | BQ10: =BM10/BO9-1 -> -0.00030259398 | BR10: =BO10/BM10-1 -> 0.016542404 | BU10: 44209 | BV10: 214.02 | BW10: =BV10*(BY10/BX10) -> 204.06788 | BX10: 216.34 | BY10: 206.28 | BZ10: =BY10/BY9-1 -> 0.0065876153 | CA10: =BW10/BY9-1 -> -0.00420689 | CB10: =BY10/BW10-1 -> 0.010840108 | CE10: 44209 | CF10: 49.58 | CG10: =CF10*(CI10/CH10) -> 46.029204 | CH10: 49.15 | CI10: 45.63 | CJ10: =CI10/CI9-1 -> -0.010195228 | CK10: =CG10/CI9-1 -> -0.0015356947 | CL10: =CI10/CG10-1 -> -0.008672852 | CO10: 44209 | CP10: 49.98 | CQ10: =CP10*(CS10/CR10) -> 42.437165 | CR10: 50.16 | CS10: 42.59 | CT10: =CS10/CS9-1 -> 0.0011753644 | CU10: =CQ10/CS9-1 -> -0.0024173702 | CV10: =CS10/CQ10-1 -> 0.0036014406
C11: 44210 | D11: 80.01 | E11: =D11*(G11/F11) -> 78.022052 | F11: 81.3 | G11: 79.28 | H11: =G11/G10-1 -> 0.017453799 | I11: =E11/G10-1 -> 0.0013096979 | J11: =G11/E11-1 -> 0.016122985 | M11: 44210 | N11: 13.57 | O11: =N11*(Q11/P11) -> 13.518598 | P11: 13.2 | Q11: 13.15 | R11: =Q11/Q10-1 -> -0.024480712 | S11: =O11/Q10-1 -> 0.0028633891 | T11: =Q11/O11-1 -> -0.027266028 | W11: 44210 | X11: 9.81 | Y11: =X11*(AA11/Z11) -> 7.1959292 | Z11: 10.17 | AA11: 7.46 | AB11: =AA11/AA10-1 -> 0.040446304 | AC11: =Y11/AA10-1 -> 0.0036163464 | AD11: =AA11/Y11-1 -> 0.036697248 | AG11: 44210 | AH11: 196.1 | AI11: =AH11*(AK11/AJ11) -> 177.23506 | AJ11: 197.4 | AK11: 178.41 | AL11: =AK11/AK10-1 -> 0.0077383642 | AM11: =AI11/AK10-1 -> 0.0011017894 | AN11: =AK11/AI11-1 -> 0.0066292708 | AQ11: 44210 | AR11: 48.5 | AS11: =AR11*(AU11/AT11) -> 38.859769 | AT11: 50.31 | AU11: 40.31 | AV11: =AU11/AU10-1 -> 0.038917526 | AW11: =AS11/AU10-1 -> 0.0015404492 | AX11: =AU11/AS11-1 -> 0.037319588 | BA11: 44210 | BB11: 140.49 | BC11: =BB11*(BE11/BD11) -> 122.5369 | BD11: 141.17 | BE11: 123.13 | BF11: =BE11/BE10-1 -> 0.0057997059 | BG11: =BC11/BE10-1 -> 0.00095488196 | BH11: =BE11/BC11-1 -> 0.0048402021 | BK11: 44210 | BL11: 130.8 | BM11: =BL11*(BO11/BN11) -> 126.98487 | BN11: 128.91 | BO11: 125.15 | BP11: =BO11/BO10-1 -> -0.015109782 | BQ11: =BM11/BO10-1 -> -0.00066992077 | BR11: =BO11/BM11-1 -> -0.014449541 | BU11: 44210 | BV11: 215.91 | BW11: =BV11*(BY11/BX11) -> 205.86555 | BX11: 213.02 | BY11: 203.11 | BZ11: =BY11/BY10-1 -> -0.015367462 | CA11: =BW11/BY10-1 -> -0.0020091478 | CB11: =BY11/BW11-1 -> -0.013385207 | CE11: 44210 | CF11: 49.27 | CG11: =CF11*(CI11/CH11) -> 45.739939 | CH11: 48.99 | CI11: 45.48 | CJ11: =CI11/CI10-1 -> -0.003287311 | CK11: =CG11/CI10-1 -> 0.0024093527 | CL11: =CI11/CG11-1 -> -0.0056829714 | CO11: 44210 | CP11: 50.16 | CQ11: =CP11*(CS11/CR11) -> 42.58964 | CR11: 49.23 | CS11: 41.8 | CT11: =CS11/CS10-1 -> -0.018548955 | CU11: =CQ11/CS10-1 -> -8.4418142e-06 | CV11: =CS11/CQ11-1 -> -0.01854067
C12: 44211 | D12: 80.92 | E12: =D12*(G12/F12) -> 78.90502 | F12: 80.72 | G12: 78.71 | H12: =G12/G11-1 -> -0.0071897074 | I12: =E12/G11-1 -> -0.0047298206 | J12: =G12/E12-1 -> -0.0024715769 | M12: 44211 | N12: 13.23 | O12: =N12*(Q12/P12) -> 13.178561 | P12: 12.86 | Q12: 12.81 | R12: =Q12/Q11-1 -> -0.025855513 | S12: =O12/Q11-1 -> 0.0021719719 | T12: =Q12/O12-1 -> -0.027966742 | W12: 44211 | X12: 10.04 | Y12: =X12*(AA12/Z12) -> 7.3640285 | Z12: 9.83 | AA12: 7.21 | AB12: =AA12/AA11-1 -> -0.033512064 | AC12: =Y12/AA11-1 -> -0.012864814 | AD12: =AA12/Y12-1 -> -0.020916335 | AG12: 44211 | AH12: 195.66 | AI12: =AH12*(AK12/AJ12) -> 176.82991 | AJ12: 194.62 | AK12: 175.89 | AL12: =AK12/AK11-1 -> -0.014124769 | AM12: =AI12/AK11-1 -> -0.0088565012 | AN12: =AK12/AI12-1 -> -0.0053153429 | AQ12: 44211 | AR12: 48.91 | AS12: =AR12*(AU12/AT12) -> 39.187235 | AT12: 47.89 | AU12: 38.37 | AV12: =AU12/AU11-1 -> -0.048127016 | AW12: =AS12/AU11-1 -> -0.027853254 | AX12: =AU12/AS12-1 -> -0.020854631 | BA12: 44211 | BB12: 137.43 | BC12: =BB12*(BE12/BD12) -> 119.86465 | BD12: 138.64 | BE12: 120.92 | BF12: =BE12/BE11-1 -> -0.01794851 | BG12: =BC12/BE11-1 -> -0.026519502 | BH12: =BE12/BC12-1 -> 0.0088044823 | BK12: 44211 | BL12: 128.78 | BM12: =BL12*(BO12/BN12) -> 125.02214 | BN12: 127.14 | BO12: 123.43 | BP12: =BO12/BO11-1 -> -0.013743508 | BQ12: =BM12/BO11-1 -> -0.0010216213 | BR12: =BO12/BM12-1 -> -0.012734897 | BU12: 44211 | BV12: 213.52 | BW12: =BV12*(BY12/BX12) -> 203.58954 | BX12: 212.65 | BY12: 202.76 | BZ12: =BY12/BY11-1 -> -0.0017232042 | CA12: =BW12/BY11-1 -> 0.0023609755 | CB12: =BY12/BW12-1 -> -0.0040745598 | CE12: 44211 | CF12: 48.38 | CG12: =CF12*(CI12/CH12) -> 44.917834 | CH12: 48.21 | CI12: 44.76 | CJ12: =CI12/CI11-1 -> -0.015831135 | CK12: =CG12/CI11-1 -> -0.01236072 | CL12: =CI12/CG12-1 -> -0.0035138487 | CO12: 44211 | CP12: 49.16 | CQ12: =CP12*(CS12/CR12) -> 41.740575 | CR12: 48.7 | CS12: 41.35 | CT12: =CS12/CS11-1 -> -0.01076555 | CU12: =CQ12/CS11-1 -> -0.0014216519 | CV12: =CS12/CQ12-1 -> -0.009357201
C13: 44215 | D13: 81.28 | E13: =D13*(G13/F13) -> 79.25513 | F13: 85.5 | G13: 83.37 | H13: =G13/G12-1 -> 0.059204675 | I13: =E13/G12-1 -> 0.0069258014 | J13: =G13/E13-1 -> 0.051919291 | M13: 44215 | N13: 13.02 | O13: =N13*(Q13/P13) -> 12.960046 | P13: 13.03 | Q13: 12.97 | R13: =Q13/Q12-1 -> 0.012490242 | S13: =O13/Q12-1 -> 0.011713197 | T13: =Q13/O13-1 -> 0.00076804916 | W13: 44215 | X13: 10.06 | Y13: =X13*(AA13/Z13) -> 7.3793413 | Z13: 10.02 | AA13: 7.35 | AB13: =AA13/AA12-1 -> 0.019417476 | AC13: =Y13/AA12-1 -> 0.023487007 | AD13: =AA13/Y13-1 -> -0.0039761431 | AG13: 44215 | AH13: 194.29 | AI13: =AH13*(AK13/AJ13) -> 176.52897 | AJ13: 194.06 | AK13: 176.32 | AL13: =AK13/AK12-1 -> 0.0024447098 | AM13: =AI13/AK12-1 -> 0.0036328077 | AN13: =AK13/AI13-1 -> -0.0011837974 | AQ13: 44215 | AR13: 48.45 | AS13: =AR13*(AU13/AT13) -> 38.817537 | AT13: 48.84 | AU13: 39.13 | AV13: =AU13/AU12-1 -> 0.019807141 | AW13: =AS13/AU12-1 -> 0.011663718 | AX13: =AU13/AS13-1 -> 0.0080495356 | BA13: 44215 | BB13: 139.86 | BC13: =BB13*(BE13/BD13) -> 121.98742 | BD13: 138.04 | BE13: 120.4 | BF13: =BE13/BE12-1 -> -0.0043003639 | BG13: =BC13/BE12-1 -> 0.0088275218 | BH13: =BE13/BC13-1 -> -0.013013013 | BK13: 44215 | BL13: 127.78 | BM13: =BL13*(BO13/BN13) -> 124.05146 | BN13: 127.83 | BO13: 124.1 | BP13: =BO13/BO12-1 -> 0.0054281779 | BQ13: =BM13/BO12-1 -> 0.0050349102 | BR13: =BO13/BM13-1 -> 0.00039129754 | BU13: 44215 | BV13: 213.75 | BW13: =BV13*(BY13/BX13) -> 203.80515 | BX13: 216.44 | BY13: 206.37 | BZ13: =BY13/BY12-1 -> 0.017804301 | CA13: =BW13/BY12-1 -> 0.0051546353 | CB13: =BY13/BW13-1 -> 0.012584795 | CE13: 44215 | CF13: 48.21 | CG13: =CF13*(CI13/CH13) -> 44.750579 | CH13: 47.8 | CI13: 44.37 | CJ13: =CI13/CI12-1 -> -0.0087131367 | CK13: =CG13/CI12-1 -> -0.00021046698 | CL13: =CI13/CG13-1 -> -0.0085044597 | CO13: 44215 | CP13: 48.74 | CQ13: =CP13*(CS13/CR13) -> 41.375246 | CR13: 48.51 | CS13: 41.18 | CT13: =CS13/CS12-1 -> -0.0041112455 | CU13: =CQ13/CS12-1 -> 0.00061055238 | CV13: =CS13/CQ13-1 -> -0.0047189167
C14: 44216 | D14: 85.93 | E14: =D14*(G14/F14) -> 83.789468 | F14: 83.5 | G14: 81.42 | H14: =G14/G13-1 -> -0.023389709 | I14: =E14/G13-1 -> 0.0050314053 | J14: =G14/E14-1 -> -0.028278832 | M14: 44216 | N14: 13.11 | O14: =N14*(Q14/P14) -> 13.051167 | P14: 13.37 | Q14: 13.31 | R14: =Q14/Q13-1 -> 0.026214341 | S14: =O14/Q13-1 -> 0.006258041 | T14: =Q14/O14-1 -> 0.019832189 | W14: 44216 | X14: 10.23 | Y14: =X14*(AA14/Z14) -> 7.498232 | Z14: 10.86 | AA14: 7.96 | AB14: =AA14/AA13-1 -> 0.082993197 | AC14: =Y14/AA13-1 -> 0.020167625 | AD14: =AA14/Y14-1 -> 0.061583578 | AG14: 44216 | AH14: 192.66 | AI14: =AH14*(AK14/AJ14) -> 175.05075 | AJ14: 192.34 | AK14: 174.76 | AL14: =AK14/AK13-1 -> -0.0088475499 | AM14: =AI14/AK13-1 -> -0.0071985493 | AN14: =AK14/AI14-1 -> -0.0016609571 | AQ14: 44216 | AR14: 49.11 | AS14: =AR14*(AU14/AT14) -> 39.35344 | AT14: 49.53 | AU14: 39.69 | AV14: =AU14/AU13-1 -> 0.01431127 | AW14: =AS14/AU13-1 -> 0.0057102054 | AX14: =AU14/AS14-1 -> 0.0085522297 | BA14: 44216 | BB14: 137.82 | BC14: =BB14*(BE14/BD14) -> 120.20353 | BD14: 135.97 | BE14: 118.59 | BF14: =BE14/BE13-1 -> -0.015033223 | BG14: =BC14/BE13-1 -> -0.0016318213 | BH14: =BE14/BC14-1 -> -0.013423306 | BK14: 44216 | BL14: 128.66 | BM14: =BL14*(BO14/BN14) -> 124.90827 | BN14: 132.03 | BO14: 128.18 | BP14: =BO14/BO13-1 -> 0.032876712 | BQ14: =BM14/BO13-1 -> 0.0065130486 | BR14: =BO14/BM14-1 -> 0.026193067 | BU14: 44216 | BV14: 217.7 | BW14: =BV14*(BY14/BX14) -> 207.57871 | BX14: 224.34 | BY14: 213.91 | BZ14: =BY14/BY13-1 -> 0.036536318 | CA14: =BW14/BY13-1 -> 0.0058569871 | CB14: =BY14/BW14-1 -> 0.030500689 | CE14: 44216 | CF14: 47.86 | CG14: =CF14*(CI14/CH14) -> 44.43579 | CH14: 48.5 | CI14: 45.03 | CJ14: =CI14/CI13-1 -> 0.014874915 | CK14: =CG14/CI13-1 -> 0.0014827517 | CL14: =CI14/CG14-1 -> 0.013372336 | CO14: 44216 | CP14: 48.54 | CQ14: =CP14*(CS14/CR14) -> 41.211138 | CR14: 48.68 | CS14: 41.33 | CT14: =CS14/CS13-1 -> 0.0036425449 | CU14: =CQ14/CS13-1 -> 0.00075614484 | CV14: =CS14/CQ14-1 -> 0.0028842192
C15: 44217 | D15: 84 | E15: =D15*(G15/F15) -> 81.915069 | F15: 85.01 | G15: 82.9 | H15: =G15/G14-1 -> 0.018177352 | I15: =E15/G14-1 -> 0.0060804325 | J15: =G15/E15-1 -> 0.01202381 | M15: 44217 | N15: 13.42 | O15: =N15*(Q15/P15) -> 13.361947 | P15: 13.87 | Q15: 13.81 | R15: =Q15/Q14-1 -> 0.03756574 | S15: =O15/Q14-1 -> 0.0039028285 | T15: =Q15/O15-1 -> 0.033532042 | W15: 44217 | X15: 11.28 | Y15: =X15*(AA15/Z15) -> 8.2765655 | Z15: 11.53 | AA15: 8.46 | AB15: =AA15/AA14-1 -> 0.06281407 | AC15: =Y15/AA14-1 -> 0.039769533 | AD15: =AA15/Y15-1 -> 0.022163121 | AG15: 44217 | AH15: 192.35 | AI15: =AH15*(AK15/AJ15) -> 174.76537 | AJ15: 192.19 | AK15: 174.62 | AL15: =AK15/AK14-1 -> -0.00080109865 | AM15: =AI15/AK14-1 -> 3.0743924e-05 | AN15: =AK15/AI15-1 -> -0.000831817 | AQ15: 44217 | AR15: 49.33 | AS15: =AR15*(AU15/AT15) -> 39.527572 | AT15: 48.11 | AU15: 38.55 | AV15: =AU15/AU14-1 -> -0.0287226 | AW15: =AS15/AU14-1 -> -0.0040924104 | AX15: =AU15/AS15-1 -> -0.024731401 | BA15: 44217 | BB15: 135.69 | BC15: =BB15*(BE15/BD15) -> 118.3501 | BD15: 134.83 | BE15: 117.6 | BF15: =BE15/BE14-1 -> -0.0083480901 | BG15: =BC15/BE14-1 -> -0.0020229351 | BH15: =BE15/BC15-1 -> -0.0063379763 | BK15: 44217 | BL15: 133.8 | BM15: =BL15*(BO15/BN15) -> 129.88972 | BN15: 136.87 | BO15: 132.87 | BP15: =BO15/BO14-1 -> 0.036589171 | BQ15: =BM15/BO14-1 -> 0.013338432 | BR15: =BO15/BM15-1 -> 0.022944694 | BU15: 44217 | BV15: 224.7 | BW15: =BV15*(BY15/BX15) -> 214.25255 | BX15: 224.97 | BY15: 214.51 | BZ15: =BY15/BY14-1 -> 0.002804918 | CA15: =BW15/BY14-1 -> 0.0016013916 | CB15: =BY15/BW15-1 -> 0.0012016021 | CE15: 44217 | CF15: 48.45 | CG15: =CF15*(CI15/CH15) -> 44.987852 | CH15: 48.28 | CI15: 44.83 | CJ15: =CI15/CI14-1 -> -0.0044414835 | CK15: =CG15/CI14-1 -> -0.00093599572 | CL15: =CI15/CG15-1 -> -0.0035087719 | CO15: 44217 | CP15: 48.78 | CQ15: =CP15*(CS15/CR15) -> 41.415665 | CR15: 48.95 | CS15: 41.56 | CT15: =CS15/CS14-1 -> 0.0055649649 | CU15: =CQ15/CS14-1 -> 0.0020727066 | CV15: =CS15/CQ15-1 -> 0.0034850349
... C1257: 46022 | D1257: 293.17 | E1257: =D1257*(G1257/F1257) -> 293.00565 | F1257: 285.41 | G1257: 285.25 | H1257: =G1257/G1256-1 -> -0.024652944 | I1257: =E1257/G1256-1 -> 0.0018657244 | J1257: =G1257/E1257-1 -> -0.026469284 | M1257: 46022 | N1257: 189.57 | O1257: =N1257*(Q1257/P1257) -> 189.33621 | P1257: 186.5 | Q1257: 186.27 | R1257: =Q1257/Q1256-1 -> -0.005552293 | S1257: =O1257/Q1256-1 -> 0.010817436 | T1257: =Q1257/O1257-1 -> -0.016194546 | W1257: 46022 | X1257: 12.68 | Y1257: =X1257*(AA1257/Z1257) -> 12.766982 | Z1257: 13.12 | AA1257: 13.21 | AB1257: =AA1257/AA1256-1 -> 0.032838155 | AC1257: =Y1257/AA1256-1 -> -0.0017997101 | AD1257: =AA1257/Y1257-1 -> 0.034700315 | AG1257: 46022 | AH1257: 569.39 | AI1257: =AH1257*(AK1257/AJ1257) -> 573.79309 | AJ1257: 572.87 | AK1257: 577.3 | AL1257: =AK1257/AK1256-1 -> 0.005959434 | AM1257: =AI1257/AK1256-1 -> -0.00015144423 | AN1257: =AK1257/AI1257-1 -> 0.0061118039 | AQ1257: 46022 | AR1257: 117.97 | AS1257: =AR1257*(AU1257/AT1257) -> 118.79346 | AT1257: 120.34 | AU1257: 121.18 | AV1257: =AU1257/AU1256-1 -> 0.02166765 | AW1257: =AS1257/AU1256-1 -> 0.0015467235 | AX1257: =AU1257/AS1257-1 -> 0.020089853 | BA1257: 46022 | BB1257: 317.71 | BC1257: =BB1257*(BE1257/BD1257) -> 319.80033 | BD1257: 322.22 | BE1257: 324.34 | BF1257: =BE1257/BE1256-1 -> 0.017090533 | BG1257: =BC1257/BE1256-1 -> 0.0028546744 | BH1257: =BE1257/BC1257-1 -> 0.014195335 | BK1257: 46022 | BL1257: 271.12 | BM1257: =BL1257*(BO1257/BN1257) -> 272.31673 | BN1257: 271.86 | BO1257: 273.06 | BP1257: =BO1257/BO1256-1 -> 0.0026437541 | BQ1257: =BM1257/BO1256-1 -> -8.5431399e-05 | BR1257: =BO1257/BM1257-1 -> 0.0027294187 | BU1257: 46022 | BV1257: 480.57 | BW1257: =BV1257*(BY1257/BX1257) -> 484.76339 | BX1257: 483.62 | BY1257: 487.84 | BZ1257: =BY1257/BY1256-1 -> 0.0070807787 | CA1257: =BW1257/BY1256-1 -> 0.00072951865 | CB1257: =BY1257/BW1257-1 -> 0.00634663 | CE1257: 46022 | CF1257: 110.71 | CG1257: =CF1257*(CI1257/CH1257) -> 111.02799 | CH1257: 111.41 | CI1257: 111.73 | CJ1257: =CI1257/CI1256-1 -> 0.0046758385 | CK1257: =CG1257/CI1256-1 -> -0.0016366387 | CL1257: =CI1257/CG1257-1 -> 0.0063228254 | CO1257: 46022 | CP1257: 68.99 | CQ1257: =CP1257*(CS1257/CR1257) -> 69.147894 | CR1257: 69.91 | CS1257: 70.07 | CT1257: =CS1257/CS1256-1 -> 0.013304411 | CU1257: =CQ1257/CS1256-1 -> -3.0449231e-05 | CV1257: =CS1257/CQ1257-1 -> 0.013335266

Sheet Strategy
B2: Ticker | C2: Starting Investment | D2: Overnight Ending Value | E2: Daytime Ending Value | F2: Total Ending Value
B3: MU | C3: 10000 | D3: {=10000*PRODUCT(1+'Strategy Calculations adj'!I4:I1257)} -> 36188.678 | E3: {=10000*PRODUCT(1+'Strategy Calculations adj'!J3:J1257)} -> 10568.973 | F3: {=10000*PRODUCT(1+'Strategy Calculations adj'!H4:H1257)} -> 39502.839
B4: NVDA | C4: 10000 | D4: {=10000*PRODUCT(1+'Strategy Calculations adj'!S4:S1257)} -> 63691.938 | E4: {=10000*PRODUCT(1+'Strategy Calculations adj'!T3:T1257)} -> 22410.249 | F4: {=10000*PRODUCT(1+'Strategy Calculations adj'!R4:R1257)} -> 142626.34
B5: F | C5: 10000 | D5: {=10000*PRODUCT(1+'Strategy Calculations adj'!AC4:AC1257)} -> 12595.566 | E5: {=10000*PRODUCT(1+'Strategy Calculations adj'!AD3:AD1257)} -> 16228.142 | F5: {=10000*PRODUCT(1+'Strategy Calculations adj'!AB4:AB1257)} -> 21136
B6: CAT | C6: 10000 | D6: {=10000*PRODUCT(1+'Strategy Calculations adj'!AM4:AM1257)} -> 21502.576 | E6: {=10000*PRODUCT(1+'Strategy Calculations adj'!AN3:AN1257)} -> 16233.291 | F6: {=10000*PRODUCT(1+'Strategy Calculations adj'!AL4:AL1257)} -> 35068.643
B7: XOM | C7: 10000 | D7: {=10000*PRODUCT(1+'Strategy Calculations adj'!AW4:AW1257)} -> 18200.846 | E7: {=10000*PRODUCT(1+'Strategy Calculations adj'!AX3:AX1257)} -> 20048.01 | F7: {=10000*PRODUCT(1+'Strategy Calculations adj'!AV4:AV1257)} -> 36445.113
B8: JPM | C8: 10000 | D8: {=10000*PRODUCT(1+'Strategy Calculations adj'!BG4:BG1257)} -> 15356.652 | E8: {=10000*PRODUCT(1+'Strategy Calculations adj'!BH3:BH1257)} -> 19128.879 | F8: {=10000*PRODUCT(1+'Strategy Calculations adj'!BF4:BF1257)} -> 29755.963
B9: AAPL | C9: 10000 | D9: {=10000*PRODUCT(1+'Strategy Calculations adj'!BQ4:BQ1257)} -> 6183.9122 | E9: {=10000*PRODUCT(1+'Strategy Calculations adj'!BR3:BR1257)} -> 34066.14 | F9: {=10000*PRODUCT(1+'Strategy Calculations adj'!BP4:BP1257)} -> 21735.254
B10: MSFT | C10: 10000 | D10: {=10000*PRODUCT(1+'Strategy Calculations adj'!CA4:CA1257)} -> 16001.815 | E10: {=10000*PRODUCT(1+'Strategy Calculations adj'!CB3:CB1257)} -> 14367.907 | F10: {=10000*PRODUCT(1+'Strategy Calculations adj'!BZ4:BZ1257)} -> 23502.433
B11: WMT | C11: 10000 | D11: {=10000*PRODUCT(1+'Strategy Calculations adj'!CK4:CK1257)} -> 11312.663 | E11: {=10000*PRODUCT(1+'Strategy Calculations adj'!CL3:CL1257)} -> 22113.539 | F11: {=10000*PRODUCT(1+'Strategy Calculations adj'!CJ4:CJ1257)} -> 24637.266
B12: KO | C12: 10000 | D12: {=10000*PRODUCT(1+'Strategy Calculations adj'!CU4:CU1257)} -> 15791.028 | E12: {=10000*PRODUCT(1+'Strategy Calculations adj'!CV3:CV1257)} -> 9631.3159 | F12: {=10000*PRODUCT(1+'Strategy Calculations adj'!CT4:CT1257)} -> 15644.117
B14: Growth of hypothetical $10,000 investment under different scenarios and holding conditions, 5 years
